POSITIONS,,,,,,,,,,,,,
Strategy Type, Intraday,,,,,,,,,,,,
Square Off,Leg,,,,,,,,,,,,
,,,,,,,,,,,,,
Move SL to Cost,False,,,,,,,,,,,,
,,,,,,,,,,,,,
Lot Size, Action Type, Segment, Option Type, Target Profit, Stop Loss, Index, Expiry Type,,,,,,
1,SELL,Options,PUT,,30 %,Banknifty,Weekly,,,,,,
1,SELL,Options,CALL,,30 %,Banknifty,Weekly,,,,,,
1,SELL,Options,CALL,,50 pts,Banknifty,Weekly,,,,,,
1,SELL,Options,PUT,,50 pts,Banknifty,Weekly,,,,,,
,,,,,,,,,,,,,
From Date,Tue Jul 14 2020,,,,,,,,,,,,
To Date,Wed Jul 14 2021,,,,,,,,,,,,
Entry Time,09:59,,,,,,,,,,,,
Exit Time,14:55,,,,,,,,,,,,
,,,,,,,,,,,,,
Target Profit,0,,,,,,,,,,,,
 Stop Loss, 2500 Total MTM,,,,,,,,,,,,
,,,,,,,,,,,,,
,,,,,,,,,,,,,
,,,,,,,,,,,,,
Overall Profit,358090,,,,,,,,,,,,
Avg Expiry Profit,6756,,,,,,,,,,,,
Avg Day Profit,1432,,,,,,,,,,,,
Max Profit,23192,,,,,,,,,,,,
Max Loss,-2500,,,,,,,,,,,,
Total Expiries,53,,,,,,,,,,,,
Win% (Days), 56% (140),,,,,,,,,,,,
Loss% (Days), 44% (110),,,,,,,,,,,,
Avg Profit On Win Days,4378,,,,,,,,,,,,
Avg Loss On Loss Days,-2317,,,,,,,,,,,,
Lot Size,4,,,,,,,,,,,,
Max Drawdown (MDD),-17500 (3 Days),,,,,,,,,,,,
Return to MDD Ratio,20.63,,,,,,,,,,,,
Max Winning Streak, 9 Days,,,,,,,,,,,,
Max Losing Streak, 7 Days,,,,,,,,,,,,
Expectancy,0.62,,,,,,,,,,,,
MTM SL Hit Count, 99 Days,,,,,,,,,,,,
0 SL/TP Hit Count, 6 Days,,,,,,,,,,,,
1 SL/TP Hit Count, 24 Days,,,,,,,,,,,,
2 SL/TP Hit Count, 195 Days,,,,,,,,,,,,
3 & more SL/TP Hit Count, 25 Days,,,,,,,,,,,,
,,,,,,,,,,,,,
stockmock.in,Jan,Feb,Mar,Apr,May,Jun,Jul,Aug,Sep,Oct,Nov,Dec,Total
2020,0,0,0,0,0,0,10858,47382,-380,36772,13929,14783,123344
2021,6224,66699,52140,23859,25949,39561,20314,0,0,0,0,0,234746
,,,,,,,,,,,,,
Date,Profit,Exit Time,Max Profit/Loss,MTM Exit Type,BN Gap Up/Down,India VIX,BN Prev Day H/L,Spot Change,(1) BN Sell 1 Lot ATM PE,(2) BN Sell 1 Lot ATM CE,(3) BN Sell 1 Lot ATM CE,(4) BN Sell 1 Lot ATM PE,
14 Jul 2020 (Tue),4122,14:55,5455/-248,-,-211.65 (-0.96%),26.07 - 26.44,Day Open < PDL,-298.35 (21680.90-21382.55),-2310.00 (308-400.4 = 92.40) 21700PE 10:54:00,3841.25 (336-182.35 = -153.65) 21700CE,3841.25 (336-182.35 = -153.65) 21700CE,-1250.00 (308-358 = 50.00) 21700PE 10:22:00,
15 Jul 2020 (Wed),922,14:55,3655/-617,-,242.05 (1.13%),26.01 - 25.96,-,-316.05 (21747.55-21431.50),-1806.75 (240.9-313.17 = 72.27) 21700PE 14:31:00,5228.75 (304.3-95.15 = -209.15) 21700CE,-1250.00 (304.3-354.3 = 50.00) 21700CE 10:27:00,-1250.00 (240.9-290.9 = 50.00) 21700PE 14:21:00,
16 Jul 2020 (Thu),3880,14:55,3879/-1087,-,112.5 (0.53%),25.75 - 25.46,-,334.75 (21206.70-21541.45),3055.00 (122.85-0.65 = -122.20) 21200PE,-979.50 (130.6-169.78 = 39.18) 21200CE 11:32:00,-1250.00 (130.6-180.6 = 50.00) 21200CE 11:36:00,3055.00 (122.85-0.65 = -122.20) 21200PE,
,,,,,,,,,,,,,
Date,Profit,Exit Time,Max Profit/Loss,MTM Exit Type,BN Gap Up/Down,India VIX,BN Prev Day H/L,Spot Change,(1) BN Sell 1 Lot ATM PE,(2) BN Sell 1 Lot ATM CE,(3) BN Sell 1 Lot ATM CE,(4) BN Sell 1 Lot ATM PE,
17 Jul 2020 (Fri),-2500,10:49,868/-2958,Stop Loss Hit,10.9 (0.05%),25.04 - 24.33,-,145.90 (21717.45-21863.35),-1436.25 (413.2-470.65 = 57.45) 21700PE,1401.25 (418.4-362.35 = -56.05) 21700CE,-1250.00 (418.4-468.4 = 50.00) 21700CE 10:14:00,-1250.00 (413.2-463.2 = 50.00) 21700PE 10:47:00,
20 Jul 2020 (Mon),1357,14:55,3305/-159,-,340.5 (1.55%),24.67 - 24.72,Day Open > PDH,-115.45 (22490.95-22375.50),-70.00 (427.2-430 = 2.80) 22500PE,1338.75 (348.55-295 = -53.55) 22500CE,1338.75 (348.55-295 = -53.55) 22500CE,-1250.00 (427.2-477.2 = 50.00) 22500PE 10:41:00,
21 Jul 2020 (Tue),1915,14:55,3534/-210,-,318 (1.42%),24.18 - 24.42,Day Open > PDH,106.40 (22680.30-22786.70),2635.00 (335.15-229.75 = -105.40) 22700PE,-2104.75 (280.65-364.84 = 84.19) 22700CE 14:19:00,-1250.00 (280.65-330.65 = 50.00) 22700CE 14:17:00,2635.00 (335.15-229.75 = -105.40) 22700PE,
22 Jul 2020 (Wed),-2500,13:32,4737/-4241,Stop Loss Hit,377 (1.65%),24.84 - 25.42,Day Open > PDH,-53.00 (22766.40-22713.40),-83.75 (302.3-305.65 = 3.35) 22800PE,-1607.75 (214.35-278.66 = 64.31) 22800CE 11:17:00,-1250.00 (214.35-264.35 = 50.00) 22800CE 10:49:00,-83.75 (302.3-305.65 = 3.35) 22800PE,
23 Jul 2020 (Thu),3556,14:55,3606/-134,-,-27.75 (-0.12%),24.38 - 24.65,-,151.10 (22840.70-22991.80),2922.50 (119.4-2.5 = -116.90) 22800PE,-1038.25 (138.45-179.98 = 41.53) 22800CE 11:00:00,-1250.00 (138.45-188.45 = 50.00) 22800CE 11:01:00,2922.50 (119.4-2.5 = -116.90) 22800PE,
,,,,,,,,,,,,,
Date,Profit,Exit Time,Max Profit/Loss,MTM Exit Type,BN Gap Up/Down,India VIX,BN Prev Day H/L,Spot Change,(1) BN Sell 1 Lot ATM PE,(2) BN Sell 1 Lot ATM CE,(3) BN Sell 1 Lot ATM CE,(4) BN Sell 1 Lot ATM PE,
24 Jul 2020 (Fri),-2500,14:13,2204/-4392,Stop Loss Hit,-230.7 (-1%),25.02 - 24.65,-,-67.05 (22724.30-22657.25),-3236.50 (431.55-561.01 = 129.46) 22700PE 10:59:00,731.25 (400-370.75 = -29.25) 22700CE,731.25 (400-370.75 = -29.25) 22700CE,-1250.00 (431.55-481.55 = 50.00) 22700PE 10:37:00,
27 Jul 2020 (Mon),878,14:55,1578/-1722,-,2.55 (0.01%),25.51 - 25.02,-,-252.05 (22151.70-21899.65),-2984.00 (397.85-517.21 = 119.36) 22200PE 14:00:00,2556.25 (322.25-220 = -102.25) 22200CE,2556.25 (322.25-220 = -102.25) 22200CE,-1250.00 (397.85-447.85 = 50.00) 22200PE 11:28:00,
28 Jul 2020 (Tue),-2500,11:08,1163/-7187,Stop Loss Hit,91.4 (0.42%),24.79 - 23.79,-,260.20 (21859.30-22119.50),-2489.75 (331.95-431.54 = 99.59) 21900PE 10:15:00,596.25 (293.05-269.2 = -23.85) 21900CE,596.25 (293.05-269.2 = -23.85) 21900CE,-1250.00 (331.95-381.95 = 50.00) 21900PE 10:07:00,
29 Jul 2020 (Wed),-2500,14:14,2637/-6125,Stop Loss Hit,-30.2 (-0.14%),23.99 - 24.38,-,-133.60 (22121.75-21988.15),362.50 (207.45-192.95 = -14.50) 22100PE,-2069.25 (275.9-358.67 = 82.77) 22100CE 11:30:00,-1250.00 (275.9-325.9 = 50.00) 22100CE 10:53:00,362.50 (207.45-192.95 = -14.50) 22100PE,
30 Jul 2020 (Thu),3305,14:55,3458/0,-,118.45 (0.54%),23.65 - 24.72,-,-437.35 (22160.85-21723.50),-1000.00 (133.35-173.35 = 40.00) 22200PE 12:41:00,2777.50 (112.05-0.95 = -111.10) 22200CE,2777.50 (112.05-0.95 = -111.10) 22200CE,-1250.00 (133.35-183.35 = 50.00) 22200PE 12:41:00,
,,,,,,,,,,,,,
Date,Profit,Exit Time,Max Profit/Loss,MTM Exit Type,BN Gap Up/Down,India VIX,BN Prev Day H/L,Spot Change,(1) BN Sell 1 Lot ATM PE,(2) BN Sell 1 Lot ATM CE,(3) BN Sell 1 Lot ATM CE,(4) BN Sell 1 Lot ATM PE,
31 Jul 2020 (Fri),3423,14:55,3716/-1133,-,83.7 (0.39%),24.79 - 24.53,-,-95.45 (21645.50-21550.05),201.25 (411-402.95 = -8.05) 21600PE,2236.25 (479.45-390 = -89.45) 21600CE,2236.25 (479.45-390 = -89.45) 21600CE,-1250.00 (411-461 = 50.00) 21600PE 10:10:00,
3 Aug 2020 (Mon),-2500,12:59,628/-2733,Stop Loss Hit,-96.25 (-0.44%),25.23 - 25.31,-,-223.60 (21293.35-21069.75),-2250.00 (357.05-447.05 = 90.00) 21300PE,2211.25 (350.15-261.7 = -88.45) 21300CE,-1250.00 (350.15-400.15 = 50.00) 21300CE 10:16:00,-1250.00 (357.05-407.05 = 50.00) 21300PE 12:40:00,
4 Aug 2020 (Tue),4896,14:55,5143/-100,-,176.15 (0.84%),24.68 - 23.87,-,258.10 (21286.60-21544.70),4168.75 (312.75-146 = -166.75) 21300PE,-2191.50 (292.2-379.86 = 87.66) 21300CE 13:15:00,-1250.00 (292.2-342.2 = 50.00) 21300CE 10:33:00,4168.75 (312.75-146 = -166.75) 21300PE,
5 Aug 2020 (Wed),5887,14:55,5985/-82,-,196.35 (0.91%),23.49 - 23.68,Day Open > PDH,-384.80 (21874.10-21489.30),-1659.75 (221.3-287.69 = 66.39) 21900PE 11:46:00,4398.75 (232.85-56.9 = -175.95) 21900CE,4398.75 (232.85-56.9 = -175.95) 21900CE,-1250.00 (221.3-271.3 = 50.00) 21900PE 11:41:00,
6 Aug 2020 (Thu),-2500,11:07,234/-5105,Stop Loss Hit,134.3 (0.62%),23.53 - 23.44,-,-10.15 (21596.35-21586.20),-1314.00 (175.2-227.76 = 52.56) 21600PE 11:07:00,-57.50 (172.2-174.5 = 2.30) 21600CE,-1250.00 (172.2-222.2 = 50.00) 21600CE 10:20:00,-1250.00 (175.2-225.2 = 50.00) 21600PE 11:07:00,
,,,,,,,,,,,,,
Date,Profit,Exit Time,Max Profit/Loss,MTM Exit Type,BN Gap Up/Down,India VIX,BN Prev Day H/L,Spot Change,(1) BN Sell 1 Lot ATM PE,(2) BN Sell 1 Lot ATM CE,(3) BN Sell 1 Lot ATM CE,(4) BN Sell 1 Lot ATM PE,
7 Aug 2020 (Fri),3148,14:55,3616/-456,-,-22.35 (-0.1%),22.95 - 22.64,-,138.00 (21595.65-21733.65),2693.75 (382.95-275.2 = -107.75) 21600PE,-988.75 (386-425.55 = 39.55) 21600CE,-1250.00 (386-436 = 50.00) 21600CE 12:00:00,2693.75 (382.95-275.2 = -107.75) 21600PE,
10 Aug 2020 (Mon),-757,14:55,2303/-1661,-,70.9 (0.33%),22.79 - 22.17,Day Open > PDH,-41.00 (21985.05-21944.05),-2305.25 (307.35-399.56 = 92.21) 22000PE 14:13:00,1398.75 (331.95-276 = -55.95) 22000CE,1398.75 (331.95-276 = -55.95) 22000CE,-1250.00 (307.35-357.35 = 50.00) 22000PE 14:12:00,
11 Aug 2020 (Tue),1559,14:55,2684/0,-,149.95 (0.68%),21.42 - 21.37,-,119.95 (22135.40-22255.35),2018.75 (217.25-136.5 = -80.75) 22100PE,-1227.50 (290.9-340 = 49.10) 22100CE,-1250.00 (290.9-340.9 = 50.00) 22100CE 14:46:00,2018.75 (217.25-136.5 = -80.75) 22100PE,
12 Aug 2020 (Wed),3137,14:55,3848/-48,-,-91.25 (-0.41%),21.82 - 20.87,-,102.55 (22160.75-22263.30),2870.00 (219.6-104.8 = -114.80) 22200PE,-1352.25 (180.3-234.39 = 54.09) 22200CE 12:38:00,-1250.00 (180.3-230.3 = 50.00) 22200CE 12:38:00,2870.00 (219.6-104.8 = -114.80) 22200PE,
13 Aug 2020 (Thu),3461,14:55,3473/-50,-,131.2 (0.59%),20.47 - 20.61,Day Open > PDH,-173.90 (22387.30-22213.40),-793.75 (105.85-137.6 = 31.75) 22400PE 11:40:00,2752.50 (111.35-1.25 = -110.10) 22400CE,2752.50 (111.35-1.25 = -110.10) 22400CE,-1250.00 (105.85-155.85 = 50.00) 22400PE 11:40:00,
,,,,,,,,,,,,,
Date,Profit,Exit Time,Max Profit/Loss,MTM Exit Type,BN Gap Up/Down,India VIX,BN Prev Day H/L,Spot Change,(1) BN Sell 1 Lot ATM PE,(2) BN Sell 1 Lot ATM CE,(3) BN Sell 1 Lot ATM CE,(4) BN Sell 1 Lot ATM PE,
14 Aug 2020 (Fri),5389,14:55,5839/-637,-,138.6 (0.62%),19.63 - 22.06,-,-592.55 (22219.45-21626.90),-2161.00 (288.15-374.59 = 86.44) 22200PE 13:38:00,4400.00 (310-134 = -176.00) 22200CE,4400.00 (310-134 = -176.00) 22200CE,-1250.00 (288.15-338.15 = 50.00) 22200PE 13:30:00,
17 Aug 2020 (Mon),-2500,14:38,2084/-2939,Stop Loss Hit,227.55 (1.05%),22.27 - 21.47,-,-48.40 (21611.90-21563.50),-2261.75 (301.55-392.02 = 90.47) 21600PE 14:12:00,286.25 (309.15-297.7 = -11.45) 21600CE,286.25 (309.15-297.7 = -11.45) 21600CE,-1250.00 (301.55-351.55 = 50.00) 21600PE 14:11:00,
18 Aug 2020 (Tue),6859,14:55,7010/-940,-,1.15 (0.01%),20.74 - 20.53,-,433.85 (21762.00-22195.85),4841.25 (273.65-80 = -193.65) 21800PE,-1572.75 (209.7-272.61 = 62.91) 21800CE 13:33:00,-1250.00 (209.7-259.7 = 50.00) 21800CE 13:33:00,4841.25 (273.65-80 = -193.65) 21800PE,
19 Aug 2020 (Wed),1796,14:55,1871/0,-,144.8 (0.65%),20.13 - 19.94,Day Open > PDH,17.65 (22322.60-22340.25),1278.75 (181.4-130.25 = -51.15) 22300PE,488.75 (198.5-178.95 = -19.55) 22300CE,-1250.00 (198.5-248.5 = 50.00) 22300CE 14:00:00,1278.75 (181.4-130.25 = -51.15) 22300PE,
20 Aug 2020 (Thu),2470,14:55,3162/-726,-,-296 (-1.33%),20.52 - 20.64,Day Open < PDL,-21.45 (22038.35-22016.90),-700.00 (93.35-121.35 = 28.00) 22000PE 12:36:00,2210.00 (113.65-25.25 = -88.40) 22000CE,2210.00 (113.65-25.25 = -88.40) 22000CE,-1250.00 (93.35-143.35 = 50.00) 22000PE 12:36:00,
,,,,,,,,,,,,,
Date,Profit,Exit Time,Max Profit/Loss,MTM Exit Type,BN Gap Up/Down,India VIX,BN Prev Day H/L,Spot Change,(1) BN Sell 1 Lot ATM PE,(2) BN Sell 1 Lot ATM CE,(3) BN Sell 1 Lot ATM CE,(4) BN Sell 1 Lot ATM PE,
21 Aug 2020 (Fri),1540,14:55,2054/-94,-,191.25 (0.87%),19.81 - 20.16,Day Open > PDH,31.85 (22293.75-22325.60),570.00 (301.25-278.45 = -22.80) 22300PE,200.00 (285.5-277.5 = -8.00) 22300CE,200.00 (285.5-277.5 = -8.00) 22300CE,570.00 (301.25-278.45 = -22.80) 22300PE,
24 Aug 2020 (Mon),1770,14:55,2523/-1835,-,137.25 (0.62%),19.77 - 19.39,Day Open > PDH,197.65 (22662.05-22859.70),2250.00 (265.05-175.05 = -90.00) 22700PE,-1479.50 (197.25-256.43 = 59.18) 22700CE 11:53:00,-1250.00 (197.25-247.25 = 50.00) 22700CE 11:45:00,2250.00 (265.05-175.05 = -90.00) 22700PE,
25 Aug 2020 (Tue),-2500,13:17,2140/-4996,Stop Loss Hit,140.4 (0.61%),18.83 - 19.22,Day Open > PDH,-28.70 (23071.15-23042.45),-1762.25 (234.95-305.44 = 70.49) 23100PE 10:40:00,-252.50 (208-218.1 = 10.10) 23100CE,-252.50 (208-218.1 = 10.10) 23100CE,-1250.00 (234.95-284.95 = 50.00) 23100PE 10:39:00,
26 Aug 2020 (Wed),3684,14:55,4178/-384,-,83.4 (0.36%),19.58 - 19.43,-,129.50 (23253.80-23383.30),3026.25 (226.95-105.9 = -121.05) 23300PE,-1117.50 (149-193.7 = 44.70) 23300CE 14:51:00,-1250.00 (149-199 = 50.00) 23300CE 14:51:00,3026.25 (226.95-105.9 = -121.05) 23300PE,
27 Aug 2020 (Thu),4415,14:55,4569/-74,-,97.25 (0.42%),19.34 - 18.94,Day Open > PDH,67.30 (23593.70-23661.00),2265.00 (96.6-6 = -90.60) 23600PE,-690.00 (92-119.6 = 27.60) 23600CE 12:24:00,575.00 (92-69 = -23.00) 23600CE,2265.00 (96.6-6 = -90.60) 23600PE,
,,,,,,,,,,,,,
Date,Profit,Exit Time,Max Profit/Loss,MTM Exit Type,BN Gap Up/Down,India VIX,BN Prev Day H/L,Spot Change,(1) BN Sell 1 Lot ATM PE,(2) BN Sell 1 Lot ATM CE,(3) BN Sell 1 Lot ATM CE,(4) BN Sell 1 Lot ATM PE,
28 Aug 2020 (Fri),-2500,10:30,5255/-2761,Stop Loss Hit,34.95 (0.15%),18.37 - 18.52,-,503.45 (23927.40-24430.85),345.00 (324.5-310.7 = -13.80) 23900PE,-2201.25 (293.5-381.55 = 88.05) 23900CE 10:30:00,-1250.00 (293.5-343.5 = 50.00) 23900CE 10:29:00,345.00 (324.5-310.7 = -13.80) 23900PE,
31 Aug 2020 (Mon),10628,14:55,11321/-1201,-,515 (2.1%),18.72 - 22.61,Day Open > PDH,-1150.55 (24790.40-23639.85),-3061.50 (408.2-530.66 = 122.46) 24800PE 10:19:00,7470.00 (410.25-111.45 = -298.80) 24800CE,7470.00 (410.25-111.45 = -298.80) 24800CE,-1250.00 (408.2-458.2 = 50.00) 24800PE 10:00:00,
1 Sep 2020 (Tue),-2500,11:37,3885/-8874,Stop Loss Hit,139.45 (0.59%),23.06 - 21.99,-,-176.85 (23807.70-23630.85),-3265.50 (435.4-566.02 = 130.62) 23800PE 11:15:00,398.75 (460.6-444.65 = -15.95) 23800CE,398.75 (460.6-444.65 = -15.95) 23800CE,-1250.00 (435.4-485.4 = 50.00) 23800PE 10:00:00,
2 Sep 2020 (Wed),-2500,11:15,3431/-6487,Stop Loss Hit,-43 (-0.18%),21.78 - 21.21,-,169.10 (23700.95-23870.05),-2185.75 (291.45-378.88 = 87.43) 23700PE 10:25:00,341.25 (284.6-270.95 = -13.65) 23700CE,341.25 (284.6-270.95 = -13.65) 23700CE,-1250.00 (291.45-341.45 = 50.00) 23700PE 10:20:00,
3 Sep 2020 (Thu),-615,14:55,818/-2156,-,111.6 (0.47%),20.74 - 20.38,Day Open > PDH,-110.05 (23755.45-23645.40),-923.50 (123.15-160.09 = 36.94) 23800PE 11:32:00,-684.00 (91.2-118.56 = 27.36) 23800CE 10:24:00,2242.50 (91.2-1.5 = -89.70) 23800CE,-1250.00 (123.15-173.15 = 50.00) 23800PE 11:32:00,
,,,,,,,,,,,,,
Date,Profit,Exit Time,Max Profit/Loss,MTM Exit Type,BN Gap Up/Down,India VIX,BN Prev Day H/L,Spot Change,(1) BN Sell 1 Lot ATM PE,(2) BN Sell 1 Lot ATM CE,(3) BN Sell 1 Lot ATM CE,(4) BN Sell 1 Lot ATM PE,
4 Sep 2020 (Fri),-2500,14:49,3854/-3930,Stop Loss Hit,-411.7 (-1.75%),21.77 - 22.36,Day Open < PDL,-91.90 (23131.35-23039.45),-3143.50 (419.15-544.89 = 125.74) 23100PE 14:49:00,2712.50 (451.15-342.65 = -108.50) 23100CE,-1250.00 (451.15-501.15 = 50.00) 23100CE 12:55:00,-1250.00 (419.15-469.15 = 50.00) 23100PE 14:40:00,
7 Sep 2020 (Mon),3566,14:55,5105/-176,-,24.75 (0.11%),22.88 - 22.5,-,-244.80 (23040.85-22796.05),-2639.00 (351.85-457.41 = 105.56) 23000PE 14:35:00,3727.50 (393.1-244 = -149.10) 23000CE,3727.50 (393.1-244 = -149.10) 23000CE,-1250.00 (351.85-401.85 = 50.00) 23000PE 10:53:00,
8 Sep 2020 (Tue),-194,14:55,2168/-983,-,26.15 (0.11%),21.99 - 22.11,-,-100.40 (22888.90-22788.50),-392.50 (299.35-315.05 = 15.70) 22900PE,1840.00 (286.6-213 = -73.60) 22900CE,-1250.00 (286.6-336.6 = 50.00) 22900CE 10:31:00,-392.50 (299.35-315.05 = 15.70) 22900PE,
9 Sep 2020 (Wed),1923,14:55,4070/-326,-,-257.7 (-1.13%),23.05 - 22.47,Day Open < PDL,-120.95 (22297.00-22176.05),-1643.75 (219.15-284.9 = 65.75) 22300PE 13:00:00,2408.75 (241.55-145.2 = -96.35) 22300CE,2408.75 (241.55-145.2 = -96.35) 22300CE,-1250.00 (219.15-269.15 = 50.00) 22300PE 13:00:00,
10 Sep 2020 (Thu),-2500,13:25,1551/-3929,Stop Loss Hit,199.55 (0.9%),21.43 - 21.25,-,-30.15 (22417.30-22387.15),-629.75 (83.95-109.14 = 25.19) 22400PE 13:25:00,-801.75 (106.9-138.97 = 32.07) 22400CE 10:39:00,-1250.00 (106.9-156.9 = 50.00) 22400CE 10:43:00,-125.00 (83.95-88.95 = 5.00) 22400PE,
,,,,,,,,,,,,,
Date,Profit,Exit Time,Max Profit/Loss,MTM Exit Type,BN Gap Up/Down,India VIX,BN Prev Day H/L,Spot Change,(1) BN Sell 1 Lot ATM PE,(2) BN Sell 1 Lot ATM CE,(3) BN Sell 1 Lot ATM CE,(4) BN Sell 1 Lot ATM PE,
11 Sep 2020 (Fri),-2500,13:10,1434/-3252,Stop Loss Hit,43.75 (0.19%),21.32 - 20.83,-,-24.10 (22383.80-22359.70),-2173.75 (363-449.95 = 86.95) 22400PE,1478.75 (352-292.85 = -59.15) 22400CE,-1250.00 (352-402 = 50.00) 22400CE 10:55:00,-1250.00 (363-413 = 50.00) 22400PE 13:10:00,
14 Sep 2020 (Mon),3556,14:55,5353/-1169,-,203.4 (0.9%),20.63 - 21.19,Day Open > PDH,-386.75 (22553.75-22167.00),-2121.50 (282.85-367.71 = 84.86) 22600PE 13:15:00,3463.75 (329.05-190.5 = -138.55) 22600CE,3463.75 (329.05-190.5 = -138.55) 22600CE,-1250.00 (282.85-332.85 = 50.00) 22600PE 13:15:00,
15 Sep 2020 (Tue),-1542,14:55,1441/-2271,-,101.55 (0.46%),20.82 - 20.65,-,196.60 (22236.00-22432.60),3487.50 (281.45-141.95 = -139.50) 22200PE,-2529.75 (337.3-438.49 = 101.19) 22200CE 14:38:00,-1250.00 (337.3-387.3 = 50.00) 22200CE 14:30:00,-1250.00 (281.45-331.45 = 50.00) 22200PE 10:05:00,
16 Sep 2020 (Wed),-2500,13:44,1421/-5711,Stop Loss Hit,10.65 (0.05%),20.39 - 19.75,-,146.20 (22461.60-22607.80),-1685.25 (224.7-292.11 = 67.41) 22500PE 11:12:00,207.50 (203.5-195.2 = -8.30) 22500CE,207.50 (203.5-195.2 = -8.30) 22500CE,-1250.00 (224.7-274.7 = 50.00) 22500PE 11:12:00,
17 Sep 2020 (Thu),-2500,11:45,2676/-3560,Stop Loss Hit,-221.55 (-0.98%),19.89 - 20.15,-,-29.05 (22378.80-22349.75),-438.75 (112.05-129.6 = 17.55) 22400PE,-765.00 (102-132.6 = 30.60) 22400CE 10:31:00,-1250.00 (102-152 = 50.00) 22400CE 10:40:00,-438.75 (112.05-129.6 = 17.55) 22400PE,
,,,,,,,,,,,,,
Date,Profit,Exit Time,Max Profit/Loss,MTM Exit Type,BN Gap Up/Down,India VIX,BN Prev Day H/L,Spot Change,(1) BN Sell 1 Lot ATM PE,(2) BN Sell 1 Lot ATM CE,(3) BN Sell 1 Lot ATM CE,(4) BN Sell 1 Lot ATM PE,
18 Sep 2020 (Fri),4256,14:55,6130/-1469,-,119 (0.53%),19.54 - 20.31,-,-411.10 (22404.45-21993.35),-2406.00 (320.8-417.04 = 96.24) 22400PE 14:20:00,3956.25 (384.65-226.4 = -158.25) 22400CE,3956.25 (384.65-226.4 = -158.25) 22400CE,-1250.00 (320.8-370.8 = 50.00) 22400PE 10:41:00,
21 Sep 2020 (Mon),-2500,13:39,1122/-2756,Stop Loss Hit,-47.65 (-0.22%),20.3 - 21.81,-,-439.55 (21914.10-21474.55),-1475.00 (321-380 = 59.00) 21900PE,1405.00 (345-288.8 = -56.20) 21900CE,-1250.00 (345-395 = 50.00) 21900CE 10:23:00,-1250.00 (321-371 = 50.00) 21900PE 13:39:00,
22 Sep 2020 (Tue),-2500,10:48,2858/-7379,Stop Loss Hit,78.45 (0.37%),22.7 - 21.71,-,-145.15 (21228.05-21082.90),683.75 (291.35-264 = -27.35) 21200PE,-2694.00 (359.2-466.96 = 107.76) 21200CE 10:06:00,-1250.00 (359.2-409.2 = 50.00) 21200CE 10:05:00,683.75 (291.35-264 = -27.35) 21200PE,
23 Sep 2020 (Wed),-327,14:55,4339/-1175,-,211.7 (1%),20.68 - 21.21,-,4.75 (21156.10-21160.85),-1575.00 (210-273 = 63.00) 21200PE 13:41:00,1248.75 (197-147.05 = -49.95) 21200CE,1248.75 (197-147.05 = -49.95) 21200CE,-1250.00 (210-260 = 50.00) 21200PE 13:41:00,
24 Sep 2020 (Thu),3159,14:55,3163/-547,-,-279.7 (-1.32%),21.68 - 23.11,-,-295.25 (20892.35-20597.10),-820.75 (109.45-142.28 = 32.83) 20900PE 10:26:00,2615.00 (105.45-0.85 = -104.60) 20900CE,2615.00 (105.45-0.85 = -104.60) 20900CE,-1250.00 (109.45-159.45 = 50.00) 20900PE 10:28:00,
,,,,,,,,,,,,,
Date,Profit,Exit Time,Max Profit/Loss,MTM Exit Type,BN Gap Up/Down,India VIX,BN Prev Day H/L,Spot Change,(1) BN Sell 1 Lot ATM PE,(2) BN Sell 1 Lot ATM CE,(3) BN Sell 1 Lot ATM CE,(4) BN Sell 1 Lot ATM PE,
25 Sep 2020 (Fri),-2500,12:20,998/-3769,Stop Loss Hit,283.95 (1.39%),22.18 - 20.87,-,441.15 (20560.60-21001.75),1476.25 (424-364.95 = -59.05) 20600PE,-2745.50 (366.05-475.87 = 109.82) 20600CE 12:20:00,-1250.00 (366.05-416.05 = 50.00) 20600CE 12:14:00,-1250.00 (424-474 = 50.00) 20600PE 10:18:00,
28 Sep 2020 (Mon),4920,14:55,5642/-716,-,169.7 (0.81%),20.73 - 19.81,Day Open > PDH,278.05 (21340.65-21618.70),4446.25 (326.4-148.55 = -177.85) 21300PE,-2722.00 (362.95-471.83 = 108.88) 21300CE 11:26:00,-1250.00 (362.95-412.95 = 50.00) 21300CE 10:49:00,4446.25 (326.4-148.55 = -177.85) 21300PE,
29 Sep 2020 (Tue),3108,14:55,3289/-238,-,105.4 (0.49%),19.37 - 19.89,Day Open > PDH,-59.45 (21467.95-21408.50),881.25 (272.2-236.95 = -35.25) 21500PE,1738.75 (257.8-188.25 = -69.55) 21500CE,1738.75 (257.8-188.25 = -69.55) 21500CE,-1250.00 (272.2-322.2 = 50.00) 21500PE 10:50:00,
30 Sep 2020 (Wed),2810,14:55,3804/-1130,-,-6.05 (-0.03%),20.09 - 19.57,-,287.55 (21143.25-21430.80),2765.00 (166.5-55.9 = -110.60) 21100PE,-1470.00 (196-254.8 = 58.80) 21100CE 10:29:00,-1250.00 (196-246 = 50.00) 21100CE 10:29:00,2765.00 (166.5-55.9 = -110.60) 21100PE,
1 Oct 2020 (Thu),4473,14:55,4479/0,-,233.45 (1.09%),18.74 - 18.39,Day Open > PDH,366.75 (21859.30-22226.05),3188.75 (128.25-0.7 = -127.55) 21900PE,-653.75 (87.15-113.3 = 26.15) 21900CE 10:01:00,-1250.00 (87.15-137.15 = 50.00) 21900CE 10:10:00,3188.75 (128.25-0.7 = -127.55) 21900PE,
,,,,,,,,,,,,,
Date,Profit,Exit Time,Max Profit/Loss,MTM Exit Type,BN Gap Up/Down,India VIX,BN Prev Day H/L,Spot Change,(1) BN Sell 1 Lot ATM PE,(2) BN Sell 1 Lot ATM CE,(3) BN Sell 1 Lot ATM CE,(4) BN Sell 1 Lot ATM PE,
5 Oct 2020 (Mon),4818,14:55,7135/-1296,-,106.1 (0.48%),19.74 - 19.67,Day Open > PDH,-292.55 (22706.05-22413.50),-2559.00 (341.2-443.56 = 102.36) 22700PE 11:40:00,4313.75 (364.95-192.4 = -172.55) 22700CE,4313.75 (364.95-192.4 = -172.55) 22700CE,-1250.00 (341.2-391.2 = 50.00) 22700PE 10:23:00,
6 Oct 2020 (Tue),4282,14:55,4856/-1148,-,302.1 (1.35%),19.74 - 19.69,-,256.60 (22580.40-22837.00),3738.75 (274.5-124.95 = -149.55) 22600PE,-1944.75 (259.3-337.09 = 77.79) 22600CE 14:34:00,-1250.00 (259.3-309.3 = 50.00) 22600CE 10:45:00,3738.75 (274.5-124.95 = -149.55) 22600PE,
7 Oct 2020 (Wed),-2500,12:45,1778/-3584,Stop Loss Hit,-16.75 (-0.07%),20.1 - 20.11,-,-19.25 (22957.75-22938.50),-1770.50 (236.05-306.87 = 70.82) 23000PE 11:02:00,17.50 (208.7-208 = -0.70) 23000CE,17.50 (208.7-208 = -0.70) 23000CE,-1250.00 (236.05-286.05 = 50.00) 23000PE 11:01:00,
8 Oct 2020 (Thu),-2500,14:31,4735/-4293,Stop Loss Hit,185.45 (0.81%),20.32 - 20.4,Day Open > PDH,-99.65 (23262.40-23162.75),-877.50 (144.9-180 = 35.10) 23300PE,-708.50 (94.45-122.79 = 28.34) 23300CE 11:10:00,-1250.00 (94.45-144.45 = 50.00) 23300CE 13:27:00,-877.50 (144.9-180 = 35.10) 23300PE,
,,,,,,,,,,,,,
Date,Profit,Exit Time,Max Profit/Loss,MTM Exit Type,BN Gap Up/Down,India VIX,BN Prev Day H/L,Spot Change,(1) BN Sell 1 Lot ATM PE,(2) BN Sell 1 Lot ATM CE,(3) BN Sell 1 Lot ATM CE,(4) BN Sell 1 Lot ATM PE,
9 Oct 2020 (Fri),7301,14:55,8348/-496,-,121.25 (0.52%),20.86 - 20.38,-,560.80 (23264.70-23825.50),5708.75 (424.5-196.15 = -228.35) 23300PE,-2866.00 (382.15-496.79 = 114.64) 23300CE 10:43:00,-1250.00 (382.15-432.15 = 50.00) 23300CE 10:10:00,5708.75 (424.5-196.15 = -228.35) 23300PE,
12 Oct 2020 (Mon),-2500,10:35,6756/-2732,Stop Loss Hit,108.8 (0.46%),21.56 - 21.17,Day Open > PDH,-332.70 (24041.60-23708.90),-2600.75 (346.75-450.78 = 104.03) 24000PE 10:26:00,560.00 (421-398.6 = -22.40) 24000CE,560.00 (421-398.6 = -22.40) 24000CE,-1250.00 (346.75-396.75 = 50.00) 24000PE 10:02:00,
13 Oct 2020 (Tue),-2500,12:16,1435/-4523,Stop Loss Hit,-49.75 (-0.21%),21.37 - 20.74,-,-26.50 (23536.95-23510.45),287.50 (310.3-298.8 = -11.50) 23500PE,-2745.00 (366-475.8 = 109.80) 23500CE 10:40:00,-1250.00 (366-416 = 50.00) 23500CE 10:23:00,287.50 (310.3-298.8 = -11.50) 23500PE,
14 Oct 2020 (Wed),485,14:55,2704/-1726,-,-139.05 (-0.59%),20.85 - 20.32,Day Open < PDL,399.35 (23266.05-23665.40),4902.50 (263.2-67.1 = -196.10) 23300PE,-1916.75 (255.55-332.22 = 76.67) 23300CE 14:20:00,-1250.00 (255.55-305.55 = 50.00) 23300CE 14:20:00,-1250.00 (263.2-313.2 = 50.00) 23300PE 11:30:00,
15 Oct 2020 (Thu),4830,14:55,4835/-155,-,45.7 (0.19%),20.38 - 21.98,-,-772.15 (23999.10-23226.95),-837.50 (111.65-145.15 = 33.50) 24000PE 10:23:00,3458.75 (139.05-0.7 = -138.35) 24000CE,3458.75 (139.05-0.7 = -138.35) 24000CE,-1250.00 (111.65-161.65 = 50.00) 24000PE 10:24:00,
,,,,,,,,,,,,,
Date,Profit,Exit Time,Max Profit/Loss,MTM Exit Type,BN Gap Up/Down,India VIX,BN Prev Day H/L,Spot Change,(1) BN Sell 1 Lot ATM PE,(2) BN Sell 1 Lot ATM CE,(3) BN Sell 1 Lot ATM CE,(4) BN Sell 1 Lot ATM PE,
16 Oct 2020 (Fri),3583,14:55,4789/-287,-,147.45 (0.64%),22.28 - 21.72,-,325.55 (23224.55-23550.10),4202.50 (417.2-249.1 = -168.10) 23200PE,-3571.25 (476.15-619 = 142.85) 23200CE 12:02:00,-1250.00 (476.15-526.15 = 50.00) 23200CE 10:48:00,4202.50 (417.2-249.1 = -168.10) 23200PE,
19 Oct 2020 (Mon),3479,14:55,4061/-2109,-,369.65 (1.57%),21.99 - 21.85,Day Open > PDH,221.50 (24069.85-24291.35),3676.25 (379.7-232.65 = -147.05) 24100PE,-2623.25 (349.75-454.68 = 104.93) 24100CE 13:16:00,-1250.00 (349.75-399.75 = 50.00) 24100CE 10:03:00,3676.25 (379.7-232.65 = -147.05) 24100PE,
20 Oct 2020 (Tue),564,14:55,2509/-1459,-,-149.4 (-0.62%),22.26 - 22.65,-,148.20 (24150.00-24298.20),2263.75 (301.15-210.6 = -90.55) 24100PE,-2713.50 (361.8-470.34 = 108.54) 24100CE 11:13:00,-1250.00 (361.8-411.8 = 50.00) 24100CE 10:44:00,2263.75 (301.15-210.6 = -90.55) 24100PE,
21 Oct 2020 (Wed),4241,14:55,8835/-46,-,132.4 (0.54%),22.6 - 23.16,Day Open > PDH,-249.85 (24738.90-24489.05),-1721.25 (229.5-298.35 = 68.85) 24700PE 13:20:00,3606.25 (277.25-133 = -144.25) 24700CE,3606.25 (277.25-133 = -144.25) 24700CE,-1250.00 (229.5-279.5 = 50.00) 24700PE 13:16:00,
22 Oct 2020 (Thu),-2500,11:29,2028/-5277,Stop Loss Hit,-187.7 (-0.76%),23.48 - 22.85,-,-93.65 (24524.20-24430.55),42.50 (165.95-164.25 = -1.70) 24500PE,-1533.25 (204.45-265.78 = 61.33) 24500CE 11:03:00,-1250.00 (204.45-254.45 = 50.00) 24500CE 11:01:00,42.50 (165.95-164.25 = -1.70) 24500PE,
,,,,,,,,,,,,,
Date,Profit,Exit Time,Max Profit/Loss,MTM Exit Type,BN Gap Up/Down,India VIX,BN Prev Day H/L,Spot Change,(1) BN Sell 1 Lot ATM PE,(2) BN Sell 1 Lot ATM CE,(3) BN Sell 1 Lot ATM CE,(4) BN Sell 1 Lot ATM PE,
23 Oct 2020 (Fri),-2500,13:01,2113/-3293,Stop Loss Hit,185.05 (0.76%),22.46 - 21.91,-,-73.80 (24596.60-24522.80),-3101.00 (413.45-537.49 = 124.04) 24600PE 11:46:00,820.00 (467.3-434.5 = -32.80) 24600CE,820.00 (467.3-434.5 = -32.80) 24600CE,-1250.00 (413.45-463.45 = 50.00) 24600PE 10:34:00,
26 Oct 2020 (Mon),4624,14:55,6649/-59,-,47.5 (0.19%),22.78 - 22.95,-,-430.55 (24459.80-24029.25),-3023.00 (403.05-523.97 = 120.92) 24500PE 11:45:00,4448.75 (373.4-195.45 = -177.95) 24500CE,4448.75 (373.4-195.45 = -177.95) 24500CE,-1250.00 (403.05-453.05 = 50.00) 24500PE 11:35:00,
27 Oct 2020 (Tue),6600,14:55,6962/-148,-,212.6 (0.88%),23 - 22.24,-,494.90 (24244.95-24739.85),5247.50 (328.7-118.8 = -209.90) 24200PE,-2644.50 (352.6-458.38 = 105.78) 24200CE 11:46:00,-1250.00 (352.6-402.6 = 50.00) 24200CE 10:30:00,5247.50 (328.7-118.8 = -209.90) 24200PE,
28 Oct 2020 (Wed),7492,14:55,7886/-1304,-,-31.65 (-0.13%),22.71 - 23.11,-,-356.75 (24549.80-24193.05),-1994.75 (265.95-345.74 = 79.79) 24500PE 12:30:00,5368.75 (304.75-90 = -214.75) 24500CE,5368.75 (304.75-90 = -214.75) 24500CE,-1250.00 (265.95-315.95 = 50.00) 24500PE 10:03:00,
29 Oct 2020 (Thu),-2500,11:50,2920/-5110,Stop Loss Hit,-169 (-0.7%),23.6 - 24.09,-,-75.80 (24149.15-24073.35),-1162.50 (155-201.5 = 46.50) 24100PE 10:35:00,-408.75 (193.1-209.45 = 16.35) 24100CE,-408.75 (193.1-209.45 = 16.35) 24100CE,-1250.00 (155-205 = 50.00) 24100PE 10:35:00,
,,,,,,,,,,,,,
Date,Profit,Exit Time,Max Profit/Loss,MTM Exit Type,BN Gap Up/Down,India VIX,BN Prev Day H/L,Spot Change,(1) BN Sell 1 Lot ATM PE,(2) BN Sell 1 Lot ATM CE,(3) BN Sell 1 Lot ATM CE,(4) BN Sell 1 Lot ATM PE,
30 Oct 2020 (Fri),-2500,11:27,1830/-3651,Stop Loss Hit,-1.85 (-0.01%),23.7 - 24.96,-,-242.25 (24145.10-23902.85),-3260.00 (537.95-668.35 = 130.40) 24100PE,3087.50 (557.7-434.2 = -123.50) 24100CE,-1250.00 (557.7-607.7 = 50.00) 24100CE 10:35:00,-1250.00 (537.95-587.95 = 50.00) 24100PE 11:00:00,
2 Nov 2020 (Mon),-2500,10:15,8268/-2504,Stop Loss Hit,466.7 (1.95%),25.79 - 25.27,Day Open > PDH,847.70 (24199.95-25047.65),1062.50 (460.8-418.3 = -42.50) 24200PE,-3378.00 (450.4-585.52 = 135.12) 24200CE 10:15:00,-1250.00 (450.4-500.4 = 50.00) 24200CE 10:05:00,1062.50 (460.8-418.3 = -42.50) 24200PE,
3 Nov 2020 (Tue),4022,14:55,5178/-719,-,215.5 (0.87%),24.93 - 24.28,-,310.90 (25308.75-25619.65),4306.25 (469.15-296.9 = -172.25) 25300PE,-3340.50 (445.4-579.02 = 133.62) 25300CE 12:41:00,-1250.00 (445.4-495.4 = 50.00) 25300CE 10:20:00,4306.25 (469.15-296.9 = -172.25) 25300PE,
4 Nov 2020 (Wed),-2500,14:26,8379/-6609,Stop Loss Hit,-143.25 (-0.56%),22.72 - 23.14,-,171.95 (25627.90-25799.85),-2863.50 (381.8-496.34 = 114.54) 25600PE 10:16:00,707.50 (375.15-346.85 = -28.30) 25600CE,707.50 (375.15-346.85 = -28.30) 25600CE,-1250.00 (381.8-431.8 = 50.00) 25600PE 10:14:00,
5 Nov 2020 (Thu),-2500,11:18,1169/-4740,Stop Loss Hit,403.2 (1.56%),21.37 - 21.11,Day Open > PDH,152.50 (26135.80-26288.30),-1085.75 (144.75-188.18 = 43.43) 26100PE 10:34:00,-295.00 (154.1-165.9 = 11.80) 26100CE,-295.00 (154.1-165.9 = 11.80) 26100CE,-1250.00 (144.75-194.75 = 50.00) 26100PE 10:34:00,
,,,,,,,,,,,,,
Date,Profit,Exit Time,Max Profit/Loss,MTM Exit Type,BN Gap Up/Down,India VIX,BN Prev Day H/L,Spot Change,(1) BN Sell 1 Lot ATM PE,(2) BN Sell 1 Lot ATM CE,(3) BN Sell 1 Lot ATM CE,(4) BN Sell 1 Lot ATM PE,
6 Nov 2020 (Fri),-2500,10:53,6232/-2548,Stop Loss Hit,-39 (-0.15%),20.08 - 20.55,-,373.15 (26358.70-26731.85),-817.50 (493.3-526 = 32.70) 26400PE,336.25 (377.7-364.25 = -13.45) 26400CE,-1250.00 (377.7-427.7 = 50.00) 26400CE 10:04:00,-817.50 (493.3-526 = 32.70) 26400PE,
9 Nov 2020 (Mon),-2500,10:56,1004/-7251,Stop Loss Hit,290 (1.08%),20.65 - 20.18,Day Open > PDH,116.45 (27382.55-27499.00),-3308.00 (441.05-573.37 = 132.32) 27400PE 10:49:00,1000.00 (401.25-361.25 = -40.00) 27400CE,1000.00 (401.25-361.25 = -40.00) 27400CE,-1250.00 (441.05-491.05 = 50.00) 27400PE 10:42:00,
10 Nov 2020 (Tue),6937,14:55,7346/-1454,-,505.35 (1.84%),20.53 - 21.5,Day Open > PDH,385.65 (28195.00-28580.65),5368.75 (413.95-199.2 = -214.75) 28200PE,-2550.00 (340-442 = 102.00) 28200CE 10:51:00,-1250.00 (340-390 = 50.00) 28200CE 10:14:00,5368.75 (413.95-199.2 = -214.75) 28200PE,
11 Nov 2020 (Wed),-2500,11:23,4120/-4225,Stop Loss Hit,107.15 (0.37%),21.71 - 21.7,-,32.15 (28798.85-28831.00),-2883.50 (384.45-499.79 = 115.34) 28800PE 11:22:00,2725.00 (336.35-227.35 = -109.00) 28800CE,-1250.00 (336.35-386.35 = 50.00) 28800CE 10:30:00,-1250.00 (384.45-434.45 = 50.00) 28800PE 11:15:00,
12 Nov 2020 (Thu),-2500,12:30,7781/-3159,Stop Loss Hit,-211.25 (-0.73%),21.22 - 20.79,-,-237.45 (28439.40-28201.95),-1249.25 (166.55-216.52 = 49.97) 28400PE 12:16:00,-330.00 (206.7-219.9 = 13.20) 28400CE,-330.00 (206.7-219.9 = 13.20) 28400CE,-1250.00 (166.55-216.55 = 50.00) 28400PE 12:16:00,
,,,,,,,,,,,,,
Date,Profit,Exit Time,Max Profit/Loss,MTM Exit Type,BN Gap Up/Down,India VIX,BN Prev Day H/L,Spot Change,(1) BN Sell 1 Lot ATM PE,(2) BN Sell 1 Lot ATM CE,(3) BN Sell 1 Lot ATM CE,(4) BN Sell 1 Lot ATM PE,
13 Nov 2020 (Fri),10816,14:55,11251/-1283,-,-170.1 (-0.6%),19.95 - 19.82,-,653.00 (27832.80-28485.80),7881.25 (468.25-153 = -315.25) 27800PE,-3695.75 (492.75-640.58 = 147.83) 27800CE 10:24:00,-1250.00 (492.75-542.75 = 50.00) 27800CE 10:18:00,7881.25 (468.25-153 = -315.25) 27800PE,
17 Nov 2020 (Tue),-2500,14:11,2854/-2858,Stop Loss Hit,197.95 (0.69%),19.68 - 19.66,Day Open > PDH,67.35 (29053.95-29121.30),-3042.50 (405.65-527.35 = 121.70) 29100PE 10:38:00,867.50 (321.75-287.05 = -34.70) 29100CE,867.50 (321.75-287.05 = -34.70) 29100CE,-1250.00 (405.65-455.65 = 50.00) 29100PE 10:22:00,
18 Nov 2020 (Wed),511,14:55,1294/-1743,-,-73.4 (-0.25%),19.42 - 19.07,-,303.40 (29429.80-29733.20),4937.50 (265.9-68.4 = -197.50) 29400PE,-1926.00 (256.8-333.84 = 77.04) 29400CE 13:40:00,-1250.00 (256.8-306.8 = 50.00) 29400CE 13:40:00,-1250.00 (265.9-315.9 = 50.00) 29400PE 11:20:00,
19 Nov 2020 (Thu),2640,14:55,2644/-1914,-,-447.25 (-1.5%),19.65 - 19.66,-,-496.30 (29550.35-29054.05),-1236.75 (164.9-214.37 = 49.47) 29600PE 10:41:00,2563.75 (102.95-0.4 = -102.55) 29600CE,2563.75 (102.95-0.4 = -102.55) 29600CE,-1250.00 (164.9-214.9 = 50.00) 29600PE 10:41:00,
,,,,,,,,,,,,,
Date,Profit,Exit Time,Max Profit/Loss,MTM Exit Type,BN Gap Up/Down,India VIX,BN Prev Day H/L,Spot Change,(1) BN Sell 1 Lot ATM PE,(2) BN Sell 1 Lot ATM CE,(3) BN Sell 1 Lot ATM CE,(4) BN Sell 1 Lot ATM PE,
20 Nov 2020 (Fri),-2500,10:47,1035/-9824,Stop Loss Hit,32.7 (0.11%),19.28 - 19.63,-,421.50 (28885.80-29307.30),-1871.25 (501.15-576 = 74.85) 28900PE,1717.50 (475.45-406.75 = -68.70) 28900CE,-1250.00 (475.45-525.45 = 50.00) 28900CE 10:00:00,-1250.00 (501.15-551.15 = 50.00) 28900PE 10:45:00,
23 Nov 2020 (Mon),-2500,11:24,1459/-8534,Stop Loss Hit,196.8 (0.67%),19.74 - 20.7,Day Open > PDH,5.85 (29080.20-29086.05),-3447.25 (459.65-597.54 = 137.89) 29100PE 10:46:00,1067.50 (445.2-402.5 = -42.70) 29100CE,1067.50 (445.2-402.5 = -42.70) 29100CE,-1250.00 (459.65-509.65 = 50.00) 29100PE 10:00:00,
24 Nov 2020 (Tue),4718,14:55,4963/-1480,-,241.4 (0.83%),20.61 - 21.82,-,240.45 (29471.95-29712.40),4208.75 (388.35-220 = -168.35) 29500PE,-2449.25 (326.55-424.52 = 97.97) 29500CE 14:33:00,-1250.00 (326.55-376.55 = 50.00) 29500CE 10:15:00,4208.75 (388.35-220 = -168.35) 29500PE,
25 Nov 2020 (Wed),8771,14:55,8810/-1122,-,284.65 (0.96%),21.47 - 22.84,Day Open > PDH,-860.65 (30165.65-29305.00),-2286.50 (304.85-396.31 = 91.46) 30200PE 10:28:00,6153.75 (274.25-28.1 = -246.15) 30200CE,6153.75 (274.25-28.1 = -246.15) 30200CE,-1250.00 (304.85-354.85 = 50.00) 30200PE 10:23:00,
26 Nov 2020 (Thu),-2500,10:30,1782/-5176,Stop Loss Hit,174 (0.6%),20.97 - 19.75,-,331.10 (29092.90-29424.00),-267.50 (194.95-205.65 = 10.70) 29100PE,-1215.00 (162-210.6 = 48.60) 29100CE 10:15:00,-1250.00 (162-212 = 50.00) 29100CE 10:15:00,-267.50 (194.95-205.65 = 10.70) 29100PE,
,,,,,,,,,,,,,
Date,Profit,Exit Time,Max Profit/Loss,MTM Exit Type,BN Gap Up/Down,India VIX,BN Prev Day H/L,Spot Change,(1) BN Sell 1 Lot ATM PE,(2) BN Sell 1 Lot ATM CE,(3) BN Sell 1 Lot ATM CE,(4) BN Sell 1 Lot ATM PE,
27 Nov 2020 (Fri),3014,14:55,4719/-1174,-,72.25 (0.24%),19.46 - 19.96,-,-48.70 (29587.20-29538.50),1495.00 (477.1-417.3 = -59.80) 29600PE,1385.00 (483.4-428 = -55.40) 29600CE,1385.00 (483.4-428 = -55.40) 29600CE,-1250.00 (477.1-527.1 = 50.00) 29600PE 10:09:00,
1 Dec 2020 (Tue),4926,14:55,5197/-130,-,235.75 (0.8%),20.5 - 20.62,Day Open > PDH,178.85 (29681.70-29860.55),3973.75 (417.75-258.8 = -158.95) 29700PE,-1771.25 (373.8-444.65 = 70.85) 29700CE,-1250.00 (373.8-423.8 = 50.00) 29700CE 10:41:00,3973.75 (417.75-258.8 = -158.95) 29700PE,
2 Dec 2020 (Wed),6115,14:55,8363/-723,-,58.85 (0.2%),19.85 - 19.93,-,-352.90 (29765.15-29412.25),-2430.00 (324-421.2 = 97.20) 29800PE 11:30:00,4897.50 (285.55-89.65 = -195.90) 29800CE,4897.50 (285.55-89.65 = -195.90) 29800CE,-1250.00 (324-374 = 50.00) 29800PE 10:25:00,
3 Dec 2020 (Thu),-2500,10:57,849/-4899,Stop Loss Hit,265.75 (0.9%),18.93 - 19.15,-,-186.00 (29683.10-29497.10),-228.75 (172.35-181.5 = 9.15) 29700PE,-1107.75 (147.7-192.01 = 44.31) 29700CE 10:20:00,-1250.00 (147.7-197.7 = 50.00) 29700CE 10:21:00,-228.75 (172.35-181.5 = 9.15) 29700PE,
,,,,,,,,,,,,,
Date,Profit,Exit Time,Max Profit/Loss,MTM Exit Type,BN Gap Up/Down,India VIX,BN Prev Day H/L,Spot Change,(1) BN Sell 1 Lot ATM PE,(2) BN Sell 1 Lot ATM CE,(3) BN Sell 1 Lot ATM CE,(4) BN Sell 1 Lot ATM PE,
4 Dec 2020 (Fri),-2500,11:39,1844/-7214,Stop Loss Hit,124.65 (0.42%),17.98 - 18.08,-,334.35 (29689.75-30024.10),740.00 (443.4-413.8 = -29.60) 29700PE,-3174.50 (423.25-550.23 = 126.98) 29700CE 10:28:00,-1250.00 (423.25-473.25 = 50.00) 29700CE 10:16:00,740.00 (443.4-413.8 = -29.60) 29700PE,
7 Dec 2020 (Mon),-2500,12:15,690/-4541,Stop Loss Hit,10.2 (0.03%),18.11 - 18.08,-,161.80 (30086.65-30248.45),2410.00 (395.55-299.15 = -96.40) 30100PE,-2682.00 (357.6-464.88 = 107.28) 30100CE 12:15:00,-1250.00 (357.6-407.6 = 50.00) 30100CE 12:10:00,-1250.00 (395.55-445.55 = 50.00) 30100PE 10:20:00,
8 Dec 2020 (Tue),-2500,12:30,1546/-3686,Stop Loss Hit,88.75 (0.29%),18.48 - 18.6,-,-8.60 (30293.40-30284.80),-2558.00 (341.05-443.37 = 102.32) 30300PE 11:10:00,617.50 (319.1-294.4 = -24.70) 30300CE,617.50 (319.1-294.4 = -24.70) 30300CE,-1250.00 (341.05-391.05 = 50.00) 30300PE 10:44:00,
9 Dec 2020 (Wed),4587,14:55,5474/0,-,73.15 (0.24%),19.05 - 19.3,-,261.40 (30424.95-30686.35),3805.00 (250-97.8 = -152.20) 30400PE,-1772.00 (236.25-307.13 = 70.88) 30400CE 13:28:00,-1250.00 (236.25-286.25 = 50.00) 30400CE 13:25:00,3805.00 (250-97.8 = -152.20) 30400PE,
10 Dec 2020 (Thu),-2500,14:51,6211/-2599,Stop Loss Hit,-164.05 (-0.53%),18.78 - 18.85,-,84.50 (30447.65-30532.15),-1073.25 (143.1-186.03 = 42.93) 30400PE 11:55:00,-138.75 (182.1-187.65 = 5.55) 30400CE,-138.75 (182.1-187.65 = 5.55) 30400CE,-1250.00 (143.1-193.1 = 50.00) 30400PE 11:55:00,
,,,,,,,,,,,,,
Date,Profit,Exit Time,Max Profit/Loss,MTM Exit Type,BN Gap Up/Down,India VIX,BN Prev Day H/L,Spot Change,(1) BN Sell 1 Lot ATM PE,(2) BN Sell 1 Lot ATM CE,(3) BN Sell 1 Lot ATM CE,(4) BN Sell 1 Lot ATM PE,
11 Dec 2020 (Fri),-2500,12:15,5742/-3814,Stop Loss Hit,44.95 (0.15%),18.79 - 18.89,-,-266.95 (30735.30-30468.35),-2906.25 (387.5-503.75 = 116.25) 30700PE 11:29:00,592.50 (440.65-416.95 = -23.70) 30700CE,592.50 (440.65-416.95 = -23.70) 30700CE,-1250.00 (387.5-437.5 = 50.00) 30700PE 10:55:00,
14 Dec 2020 (Mon),3620,14:55,3990/0,-,130.3 (0.43%),19.45 - 19.46,-,40.05 (30707.35-30747.40),1466.25 (346.8-288.15 = -58.65) 30700PE,343.75 (379.85-366.1 = -13.75) 30700CE,343.75 (379.85-366.1 = -13.75) 30700CE,1466.25 (346.8-288.15 = -58.65) 30700PE,
15 Dec 2020 (Tue),-2500,11:02,292/-6956,Stop Loss Hit,59.5 (0.19%),19.68 - 19.42,-,164.05 (30506.90-30670.95),-2182.50 (291-378.3 = 87.30) 30500PE 10:55:00,382.50 (303.25-287.95 = -15.30) 30500CE,382.50 (303.25-287.95 = -15.30) 30500CE,-1250.00 (291-341 = 50.00) 30500PE 10:08:00,
16 Dec 2020 (Wed),1688,14:55,3080/-992,-,229.3 (0.75%),19.34 - 19.27,Day Open > PDH,-114.00 (30838.75-30724.75),-1524.00 (203.2-264.16 = 60.96) 30800PE 12:30:00,2231.25 (256.1-166.85 = -89.25) 30800CE,2231.25 (256.1-166.85 = -89.25) 30800CE,-1250.00 (203.2-253.2 = 50.00) 30800PE 12:30:00,
17 Dec 2020 (Thu),4519,14:55,4856/-428,-,92.8 (0.3%),19.24 - 19.17,-,70.60 (30773.45-30844.05),3310.00 (150.2-17.8 = -132.40) 30800PE,-851.00 (113.45-147.49 = 34.04) 30800CE 12:09:00,-1250.00 (113.45-163.45 = 50.00) 30800CE 12:10:00,3310.00 (150.2-17.8 = -132.40) 30800PE,
,,,,,,,,,,,,,
Date,Profit,Exit Time,Max Profit/Loss,MTM Exit Type,BN Gap Up/Down,India VIX,BN Prev Day H/L,Spot Change,(1) BN Sell 1 Lot ATM PE,(2) BN Sell 1 Lot ATM CE,(3) BN Sell 1 Lot ATM CE,(4) BN Sell 1 Lot ATM PE,
18 Dec 2020 (Fri),6731,14:55,7502/-892,-,-5.2 (-0.02%),19.31 - 18.61,-,320.30 (30423.00-30743.30),5610.00 (379.8-155.4 = -224.40) 30400PE,-3239.00 (431.85-561.41 = 129.56) 30400CE 14:37:00,-1250.00 (431.85-481.85 = 50.00) 30400CE 11:26:00,5610.00 (379.8-155.4 = -224.40) 30400PE,
21 Dec 2020 (Mon),-2500,12:51,2356/-3200,Stop Loss Hit,-118.85 (-0.39%),19.53 - 22.68,-,-1090.85 (30441.75-29350.90),-1532.50 (307.7-369 = 61.30) 30400PE,1426.25 (322.3-265.25 = -57.05) 30400CE,-1250.00 (322.3-372.3 = 50.00) 30400CE 10:39:00,-1250.00 (307.7-357.7 = 50.00) 30400PE 12:50:00,
22 Dec 2020 (Tue),-904,14:55,2233/-1100,-,151.05 (0.51%),23.74 - 22.24,-,232.30 (29247.70-29480.00),4917.50 (348.95-152.25 = -196.70) 29200PE,-3321.75 (442.9-575.77 = 132.87) 29200CE 14:18:00,-1250.00 (442.9-492.9 = 50.00) 29200CE 10:09:00,-1250.00 (348.95-398.95 = 50.00) 29200PE 11:36:00,
23 Dec 2020 (Wed),3749,14:55,4744/-1736,-,-65.2 (-0.22%),21.88 - 20.85,-,159.40 (29673.75-29833.15),3271.25 (231-100.15 = -130.85) 29700PE,-1542.75 (205.7-267.41 = 61.71) 29700CE 10:39:00,-1250.00 (205.7-255.7 = 50.00) 29700CE 10:33:00,3271.25 (231-100.15 = -130.85) 29700PE,
24 Dec 2020 (Thu),-2500,11:15,3629/-2765,Stop Loss Hit,188.35 (0.63%),20.22 - 19.98,Day Open > PDH,161.95 (30317.20-30479.15),-190.00 (117.35-124.95 = 7.60) 30300PE,-883.50 (117.8-153.14 = 35.34) 30300CE 10:13:00,-1250.00 (117.8-167.8 = 50.00) 30300CE 10:13:00,-190.00 (117.35-124.95 = 7.60) 30300PE,
,,,,,,,,,,,,,
Date,Profit,Exit Time,Max Profit/Loss,MTM Exit Type,BN Gap Up/Down,India VIX,BN Prev Day H/L,Spot Change,(1) BN Sell 1 Lot ATM PE,(2) BN Sell 1 Lot ATM CE,(3) BN Sell 1 Lot ATM CE,(4) BN Sell 1 Lot ATM PE,
28 Dec 2020 (Mon),2603,14:55,2772/-74,-,156.65 (0.52%),20.8 - 20.4,Day Open > PDH,140.00 (30745.95-30885.95),2477.50 (285.1-186 = -99.10) 30700PE,-1101.25 (381.5-425.55 = 44.05) 30700CE,-1250.00 (381.5-431.5 = 50.00) 30700CE 13:30:00,2477.50 (285.1-186 = -99.10) 30700PE,
29 Dec 2020 (Tue),-2500,13:05,2403/-4183,Stop Loss Hit,125.95 (0.41%),20.45 - 20.81,Day Open > PDH,20.40 (31272.70-31293.10),-1934.00 (257.85-335.21 = 77.36) 31300PE 10:46:00,253.75 (277-266.85 = -10.15) 31300CE,253.75 (277-266.85 = -10.15) 31300CE,-1250.00 (257.85-307.85 = 50.00) 31300PE 10:46:00,
30 Dec 2020 (Wed),-2500,14:00,2970/-4314,Stop Loss Hit,157.3 (0.5%),21.31 - 21.13,Day Open > PDH,108.95 (31227.70-31336.65),-1640.75 (218.75-284.38 = 65.63) 31200PE 12:39:00,117.50 (267.8-263.1 = -4.70) 31200CE,117.50 (267.8-263.1 = -4.70) 31200CE,-1250.00 (218.75-268.75 = 50.00) 31200PE 12:37:00,
31 Dec 2020 (Thu),4649,14:55,4946/-1394,-,-7.15 (-0.02%),21.27 - 21.03,-,-61.15 (31347.50-31286.35),-870.50 (116.05-150.87 = 34.82) 31300PE 10:55:00,3385.00 (161.4-26 = -135.40) 31300CE,3385.00 (161.4-26 = -135.40) 31300CE,-1250.00 (116.05-166.05 = 50.00) 31300PE 10:55:00,
,,,,,,,,,,,,,
Date,Profit,Exit Time,Max Profit/Loss,MTM Exit Type,BN Gap Up/Down,India VIX,BN Prev Day H/L,Spot Change,(1) BN Sell 1 Lot ATM PE,(2) BN Sell 1 Lot ATM CE,(3) BN Sell 1 Lot ATM CE,(4) BN Sell 1 Lot ATM PE,
1 Jan 2021 (Fri),3402,14:55,3998/0,-,33.25 (0.11%),20.54 - 19.33,-,-65.75 (31348.80-31283.05),273.75 (352.95-342 = -10.95) 31300PE,1427.50 (420.1-363 = -57.10) 31300CE,1427.50 (420.1-363 = -57.10) 31300CE,273.75 (352.95-342 = -10.95) 31300PE,
4 Jan 2021 (Mon),2869,14:55,5503/-1513,-,259.3 (0.83%),19.8 - 20.13,Day Open > PDH,-318.35 (31472.25-31153.90),-2223.25 (296.45-385.38 = 88.93) 31500PE 10:48:00,3171.25 (307.85-181 = -126.85) 31500CE,3171.25 (307.85-181 = -126.85) 31500CE,-1250.00 (296.45-346.45 = 50.00) 31500PE 10:48:00,
5 Jan 2021 (Tue),5440,14:55,5925/-841,-,-171.35 (-0.55%),20.68 - 20.32,-,577.00 (31133.00-31710.00),4460.00 (260.45-82.05 = -178.40) 31100PE,-2229.00 (297.2-386.36 = 89.16) 31100CE 11:07:00,-1250.00 (297.2-347.2 = 50.00) 31100CE 11:07:00,4460.00 (260.45-82.05 = -178.40) 31100PE,
6 Jan 2021 (Wed),-2500,13:50,360/-3644,Stop Loss Hit,117.7 (0.37%),20.73 - 21.13,Day Open > PDH,-63.60 (31891.70-31828.10),-1707.00 (227.6-295.88 = 68.28) 31900PE 13:50:00,1322.50 (214.9-162 = -52.90) 31900CE,-1250.00 (214.9-264.9 = 50.00) 31900CE 12:29:00,-1250.00 (227.6-277.6 = 50.00) 31900PE 10:12:00,
7 Jan 2021 (Thu),-903,14:55,821/-2111,-,331.9 (1.04%),20.29 - 20.44,Day Open > PDH,16.85 (32047.65-32064.50),-705.50 (94.05-122.27 = 28.22) 32000PE 10:23:00,-1044.50 (139.25-181.03 = 41.78) 32000CE 12:35:00,-1250.00 (139.25-189.25 = 50.00) 32000CE 12:44:00,2096.25 (94.05-10.2 = -83.85) 32000PE,
,,,,,,,,,,,,,
Date,Profit,Exit Time,Max Profit/Loss,MTM Exit Type,BN Gap Up/Down,India VIX,BN Prev Day H/L,Spot Change,(1) BN Sell 1 Lot ATM PE,(2) BN Sell 1 Lot ATM CE,(3) BN Sell 1 Lot ATM CE,(4) BN Sell 1 Lot ATM PE,
8 Jan 2021 (Fri),-361,14:55,1390/-1230,-,342.05 (1.07%),20.28 - 20.55,Day Open > PDH,-18.00 (32153.00-32135.00),518.75 (387.2-366.45 = -20.75) 32200PE,185.00 (353.95-346.55 = -7.40) 32200CE,185.00 (353.95-346.55 = -7.40) 32200CE,-1250.00 (387.2-437.2 = 50.00) 32200PE 13:39:00,
11 Jan 2021 (Mon),-272,14:55,2511/-2021,-,196.1 (0.61%),22.04 - 22.33,-,-109.85 (32112.30-32002.45),-2497.50 (333-432.9 = 99.90) 32100PE 10:20:00,1737.50 (380.5-311 = -69.50) 32100CE,1737.50 (380.5-311 = -69.50) 32100CE,-1250.00 (333-383 = 50.00) 32100PE 10:16:00,
12 Jan 2021 (Tue),6873,14:55,7205/-24,-,-163.85 (-0.51%),22.97 - 22.8,Day Open < PDL,478.00 (31849.90-32327.90),5262.50 (318.35-107.85 = -210.50) 31900PE,-2401.50 (320.2-416.26 = 96.06) 31900CE 12:03:00,-1250.00 (320.2-370.2 = 50.00) 31900CE 12:00:00,5262.50 (318.35-107.85 = -210.50) 31900PE,
13 Jan 2021 (Wed),679,14:55,5749/-1705,-,207.6 (0.64%),23.39 - 23.45,Day Open > PDH,-49.20 (32597.50-32548.30),-1611.00 (214.8-279.24 = 64.44) 32600PE 10:35:00,1770.00 (235-164.2 = -70.80) 32600CE,1770.00 (235-164.2 = -70.80) 32600CE,-1250.00 (214.8-264.8 = 50.00) 32600PE 10:35:00,
14 Jan 2021 (Thu),-2500,11:27,3523/-2549,Stop Loss Hit,-47.95 (-0.15%),23.42 - 23.03,-,-122.60 (32601.70-32479.10),-793.00 (105.75-137.47 = 31.72) 32600PE 10:52:00,-253.75 (113.7-123.85 = 10.15) 32600CE,-253.75 (113.7-123.85 = 10.15) 32600CE,-1250.00 (105.75-155.75 = 50.00) 32600PE 10:52:00,
,,,,,,,,,,,,,
Date,Profit,Exit Time,Max Profit/Loss,MTM Exit Type,BN Gap Up/Down,India VIX,BN Prev Day H/L,Spot Change,(1) BN Sell 1 Lot ATM PE,(2) BN Sell 1 Lot ATM CE,(3) BN Sell 1 Lot ATM CE,(4) BN Sell 1 Lot ATM PE,
15 Jan 2021 (Fri),-2500,11:38,1834/-5856,Stop Loss Hit,-10.85 (-0.03%),23.7 - 24.04,-,-90.50 (32309.05-32218.55),-3242.25 (432.3-561.99 = 129.69) 32300PE 11:29:00,880.00 (456.55-421.35 = -35.20) 32300CE,880.00 (456.55-421.35 = -35.20) 32300CE,-1250.00 (432.3-482.3 = 50.00) 32300PE 10:32:00,
18 Jan 2021 (Mon),5580,14:55,5807/-904,-,28.35 (0.09%),25.16 - 24.48,-,-412.65 (32263.65-31851.00),-3109.75 (414.65-539.04 = 124.39) 32300PE 11:35:00,4970.00 (385.65-186.85 = -198.80) 32300CE,4970.00 (385.65-186.85 = -198.80) 32300CE,-1250.00 (414.65-464.65 = 50.00) 32300PE 10:30:00,
19 Jan 2021 (Tue),7917,14:55,8193/0,-,271.15 (0.85%),23.86 - 23.03,-,475.85 (31970.15-32446.00),5812.50 (324.6-92.1 = -232.50) 32000PE,-2457.75 (327.7-426.01 = 98.31) 32000CE 12:32:00,-1250.00 (327.7-377.7 = 50.00) 32000CE 10:16:00,5812.50 (324.6-92.1 = -232.50) 32000PE,
20 Jan 2021 (Wed),-2500,12:30,4053/-3623,Stop Loss Hit,-35.9 (-0.11%),22.74 - 21.64,-,105.75 (32454.05-32559.80),-510.00 (235.15-255.55 = 20.40) 32500PE,-1353.00 (180.4-234.52 = 54.12) 32500CE 10:53:00,-1250.00 (180.4-230.4 = 50.00) 32500CE 10:53:00,-510.00 (235.15-255.55 = 20.40) 32500PE,
21 Jan 2021 (Thu),-2500,14:14,3032/-4008,Stop Loss Hit,189.1 (0.58%),20.84 - 21.54,Day Open > PDH,-284.35 (32696.50-32412.15),-824.75 (109.95-142.94 = 32.99) 32700PE 14:14:00,-685.00 (91.35-118.75 = 27.40) 32700CE 12:23:00,-1250.00 (91.35-141.35 = 50.00) 32700CE 12:24:00,0.00 (109.95-109.95 = 0.00) 32700PE,
,,,,,,,,,,,,,
Date,Profit,Exit Time,Max Profit/Loss,MTM Exit Type,BN Gap Up/Down,India VIX,BN Prev Day H/L,Spot Change,(1) BN Sell 1 Lot ATM PE,(2) BN Sell 1 Lot ATM CE,(3) BN Sell 1 Lot ATM CE,(4) BN Sell 1 Lot ATM PE,
22 Jan 2021 (Fri),-2500,10:53,8856/-2944,Stop Loss Hit,-98.9 (-0.31%),21.91 - 22.26,-,-684.00 (31924.00-31240.00),-2870.50 (382.75-497.57 = 114.82) 31900PE 10:23:00,588.75 (438-414.45 = -23.55) 31900CE,588.75 (438-414.45 = -23.55) 31900CE,-1250.00 (382.75-432.75 = 50.00) 31900PE 10:21:00,
25 Jan 2021 (Mon),-2500,14:11,8042/-6607,Stop Loss Hit,339.9 (1.09%),23.4 - 23.12,-,-80.65 (31264.70-31184.05),577.50 (413.6-390.5 = -23.10) 31300PE,-2588.50 (345.15-448.69 = 103.54) 31300CE 10:05:00,-1250.00 (345.15-395.15 = 50.00) 31300CE 10:03:00,577.50 (413.6-390.5 = -23.10) 31300PE,
27 Jan 2021 (Wed),-2500,11:46,5273/-6645,Stop Loss Hit,37.85 (0.12%),24.06 - 24.3,-,-582.55 (30907.65-30325.10),195.00 (276.85-269.05 = -7.80) 30900PE,-2069.25 (275.9-358.67 = 82.77) 30900CE 11:13:00,-1250.00 (275.9-325.9 = 50.00) 30900CE 10:39:00,195.00 (276.85-269.05 = -7.80) 30900PE,
28 Jan 2021 (Thu),-2500,10:29,2558/-5234,Stop Loss Hit,-472.25 (-1.56%),24.12 - 24.82,Day Open < PDL,83.30 (29933.85-30017.15),57.50 (169.15-166.85 = -2.30) 29900PE,-1466.75 (195.55-254.22 = 58.67) 29900CE 10:16:00,-1250.00 (195.55-245.55 = 50.00) 29900CE 10:16:00,57.50 (169.15-166.85 = -2.30) 29900PE,
,,,,,,,,,,,,,
Date,Profit,Exit Time,Max Profit/Loss,MTM Exit Type,BN Gap Up/Down,India VIX,BN Prev Day H/L,Spot Change,(1) BN Sell 1 Lot ATM PE,(2) BN Sell 1 Lot ATM CE,(3) BN Sell 1 Lot ATM CE,(4) BN Sell 1 Lot ATM PE,
29 Jan 2021 (Fri),-2500,10:49,1034/-4962,Stop Loss Hit,342.35 (1.13%),24.7 - 24.95,Day Open > PDH,381.45 (30472.15-30853.60),-1312.50 (635-687.5 = 52.50) 30500PE,-3.75 (637.85-638 = 0.15) 30500CE,-3.75 (637.85-638 = 0.15) 30500CE,-1250.00 (635-685 = 50.00) 30500PE 10:23:00,
1 Feb 2021 (Mon),23192,14:55,23572/-1722,-,410.85 (1.34%),25.05 - 22.87,-,1954.40 (31020.15-32974.55),14497.50 (622-42.1 = -579.90) 31000PE,-4552.75 (607.05-789.16 = 182.11) 31000CE 11:01:00,-1250.00 (607.05-657.05 = 50.00) 31000CE 10:11:00,14497.50 (622-42.1 = -579.90) 31000PE,
2 Feb 2021 (Tue),6274,14:55,12213/-2085,-,500 (1.51%),23.54 - 23.39,Day Open > PDH,-270.80 (34510.40-34239.60),-3907.50 (521-677.3 = 156.30) 34500PE 10:15:00,5716.25 (533.05-304.4 = -228.65) 34500CE,5716.25 (533.05-304.4 = -228.65) 34500CE,-1250.00 (521-571 = 50.00) 34500PE 10:08:00,
3 Feb 2021 (Wed),8685,14:55,9950/0,-,287.7 (0.84%),23.65 - 24,-,381.10 (34398.40-34779.50),6242.50 (375-125.3 = -249.70) 34400PE,-2550.00 (340-442 = 102.00) 34400CE 10:30:00,-1250.00 (340-390 = 50.00) 34400CE 10:16:00,6242.50 (375-125.3 = -249.70) 34400PE,
4 Feb 2021 (Thu),-2500,11:01,462/-5082,Stop Loss Hit,-209.55 (-0.6%),23.23 - 23.17,-,917.90 (34373.35-35291.25),-1500.00 (200-260 = 60.00) 34400PE 10:05:00,-495.00 (144.25-164.05 = 19.80) 34400CE,-495.00 (144.25-164.05 = 19.80) 34400CE,-1250.00 (200-250 = 50.00) 34400PE 10:03:00,
,,,,,,,,,,,,,
Date,Profit,Exit Time,Max Profit/Loss,MTM Exit Type,BN Gap Up/Down,India VIX,BN Prev Day H/L,Spot Change,(1) BN Sell 1 Lot ATM PE,(2) BN Sell 1 Lot ATM CE,(3) BN Sell 1 Lot ATM CE,(4) BN Sell 1 Lot ATM PE,
5 Feb 2021 (Fri),-2500,10:08,1735/-6537,Stop Loss Hit,290.15 (0.82%),23.59 - 23.49,Day Open > PDH,-718.60 (36388.25-35669.65),1430.00 (782.85-725.65 = -57.20) 36400PE,-4231.25 (711.75-881 = 169.25) 36400CE,-1250.00 (711.75-761.75 = 50.00) 36400CE 10:04:00,1430.00 (782.85-725.65 = -57.20) 36400PE,
8 Feb 2021 (Mon),-2500,12:17,2738/-5345,Stop Loss Hit,419.35 (1.18%),24 - 23.97,-,-315.70 (36289.30-35973.60),-4531.50 (604.2-785.46 = 181.26) 36300PE 12:17:00,4105.00 (545.25-381.05 = -164.20) 36300CE,-1250.00 (545.25-595.25 = 50.00) 36300CE 10:03:00,-1250.00 (604.2-654.2 = 50.00) 36300PE 11:29:00,
9 Feb 2021 (Tue),7456,14:55,11490/-678,-,75.15 (0.21%),23.77 - 23.97,-,466.40 (35761.40-36227.80),5848.75 (487.95-254 = -233.95) 35800PE,-2990.75 (398.75-518.38 = 119.63) 35800CE 10:28:00,-1250.00 (398.75-448.75 = 50.00) 35800CE 10:03:00,5848.75 (487.95-254 = -233.95) 35800PE,
10 Feb 2021 (Wed),7220,14:55,7943/-194,-,-14.15 (-0.04%),24.58 - 24.36,-,-413.95 (35963.95-35550.00),-3047.00 (406.25-528.13 = 121.88) 36000PE 13:43:00,5758.75 (336.8-106.45 = -230.35) 36000CE,5758.75 (336.8-106.45 = -230.35) 36000CE,-1250.00 (406.25-456.25 = 50.00) 36000PE 10:15:00,
11 Feb 2021 (Thu),6624,14:55,7012/-2008,-,-95.85 (-0.27%),23.78 - 23.17,-,-162.90 (35938.80-35775.90),-1332.75 (177.7-231.01 = 53.31) 35900PE 11:00:00,4603.75 (212.55-28.4 = -184.15) 35900CE,4603.75 (212.55-28.4 = -184.15) 35900CE,-1250.00 (177.7-227.7 = 50.00) 35900PE 11:00:00,
,,,,,,,,,,,,,
Date,Profit,Exit Time,Max Profit/Loss,MTM Exit Type,BN Gap Up/Down,India VIX,BN Prev Day H/L,Spot Change,(1) BN Sell 1 Lot ATM PE,(2) BN Sell 1 Lot ATM CE,(3) BN Sell 1 Lot ATM CE,(4) BN Sell 1 Lot ATM PE,
12 Feb 2021 (Fri),1887,14:55,4495/-1651,-,-15.5 (-0.04%),22.61 - 22.11,-,292.05 (35808.65-36100.70),3451.25 (493.2-355.15 = -138.05) 35800PE,-3765.00 (502-652.6 = 150.60) 35800CE 10:45:00,-1250.00 (502-552 = 50.00) 35800CE 10:35:00,3451.25 (493.2-355.15 = -138.05) 35800PE,
15 Feb 2021 (Mon),4195,14:55,4571/-1303,-,392.5 (1.09%),21.87 - 21.59,Day Open > PDH,469.10 (36731.55-37200.65),4322.50 (396.85-223.95 = -172.90) 36700PE,-3199.75 (426.65-554.64 = 127.99) 36700CE 12:39:00,-1250.00 (426.65-476.65 = 50.00) 36700CE 11:14:00,4322.50 (396.85-223.95 = -172.90) 36700PE,
16 Feb 2021 (Tue),4845,14:55,10448/-991,-,186.35 (0.5%),21.7 - 21.84,Day Open > PDH,-264.70 (37345.00-37080.30),-3244.75 (432.65-562.44 = 129.79) 37300PE 12:36:00,4670.00 (480-293.2 = -186.80) 37300CE,4670.00 (480-293.2 = -186.80) 37300CE,-1250.00 (432.65-482.65 = 50.00) 37300PE 10:00:00,
17 Feb 2021 (Wed),-2500,13:39,6886/-3164,Stop Loss Hit,-56.45 (-0.15%),21.51 - 21.54,-,109.90 (36869.30-36979.20),206.25 (327.95-319.7 = -8.25) 36900PE,-2260.75 (301.45-391.88 = 90.43) 36900CE 10:17:00,-1250.00 (301.45-351.45 = 50.00) 36900CE 10:17:00,206.25 (327.95-319.7 = -8.25) 36900PE,
18 Feb 2021 (Thu),4583,14:55,4589/-431,-,177.8 (0.48%),21.49 - 21.57,-,-300.25 (36859.80-36559.55),-1471.50 (196.2-255.06 = 58.86) 36900PE 11:35:00,3652.50 (147.65-1.55 = -146.10) 36900CE,3652.50 (147.65-1.55 = -146.10) 36900CE,-1250.00 (196.2-246.2 = 50.00) 36900PE 11:35:00,
,,,,,,,,,,,,,
Date,Profit,Exit Time,Max Profit/Loss,MTM Exit Type,BN Gap Up/Down,India VIX,BN Prev Day H/L,Spot Change,(1) BN Sell 1 Lot ATM PE,(2) BN Sell 1 Lot ATM CE,(3) BN Sell 1 Lot ATM CE,(4) BN Sell 1 Lot ATM PE,
19 Feb 2021 (Fri),-2500,10:59,2604/-10108,Stop Loss Hit,-215.45 (-0.59%),21.76 - 22.4,-,-637.85 (36370.90-35733.05),1003.75 (531.8-491.65 = -40.15) 36400PE,-3620.75 (482.75-627.58 = 144.83) 36400CE 10:15:00,-1250.00 (482.75-532.75 = 50.00) 36400CE 10:10:00,1003.75 (531.8-491.65 = -40.15) 36400PE,
22 Feb 2021 (Mon),5259,14:55,10292/-2429,-,32.7 (0.09%),23.25 - 25.14,-,-365.95 (35840.80-35474.85),-3418.50 (455.8-592.54 = 136.74) 35800PE 11:26:00,4963.75 (479.55-281 = -198.55) 35800CE,4963.75 (479.55-281 = -198.55) 35800CE,-1250.00 (455.8-505.8 = 50.00) 35800PE 10:15:00,
23 Feb 2021 (Tue),-2500,11:33,6150/-8558,Stop Loss Hit,283.35 (0.8%),25.27 - 24.98,-,-102.15 (35275.50-35173.35),770.00 (419.3-388.5 = -30.80) 35300PE,-2914.25 (388.55-505.12 = 116.57) 35300CE 10:31:00,-1250.00 (388.55-438.55 = 50.00) 35300CE 10:03:00,770.00 (419.3-388.5 = -30.80) 35300PE,
25 Feb 2021 (Thu),-2500,10:20,7683/-3781,Stop Loss Hit,1646.2 (4.69%),23.26 - 22.88,Day Open > PDH,-378.65 (37057.50-36678.85),-1807.25 (240.95-313.24 = 72.29) 37100PE 10:15:00,145.00 (217-211.2 = -5.80) 37100CE,145.00 (217-211.2 = -5.80) 37100CE,-1250.00 (240.95-290.95 = 50.00) 37100PE 10:09:00,
,,,,,,,,,,,,,
Date,Profit,Exit Time,Max Profit/Loss,MTM Exit Type,BN Gap Up/Down,India VIX,BN Prev Day H/L,Spot Change,(1) BN Sell 1 Lot ATM PE,(2) BN Sell 1 Lot ATM CE,(3) BN Sell 1 Lot ATM CE,(4) BN Sell 1 Lot ATM PE,
26 Feb 2021 (Fri),3979,14:55,8030/-854,-,-742.35 (-2.03%),24.8 - 27.24,Day Open < PDL,-414.15 (35593.45-35179.30),-5090.25 (678.7-882.31 = 203.61) 35600PE 10:26:00,5160.00 (666.6-460.2 = -206.40) 35600CE,5160.00 (666.6-460.2 = -206.40) 35600CE,-1250.00 (678.7-728.7 = 50.00) 35600PE 10:17:00,
1 Mar 2021 (Mon),-2500,12:29,3338/-6968,Stop Loss Hit,570.65 (1.64%),26.59 - 25.92,-,-188.35 (35352.50-35164.15),-4606.00 (614.15-798.39 = 184.24) 35400PE 12:29:00,4067.50 (555.7-393 = -162.70) 35400CE,-1250.00 (555.7-605.7 = 50.00) 35400CE 10:25:00,-1250.00 (614.15-664.15 = 50.00) 35400PE 11:44:00,
2 Mar 2021 (Tue),5429,14:55,7032/-1234,-,162.15 (0.46%),24.39 - 23.98,-,-358.90 (35575.05-35216.15),-3500.25 (466.7-606.71 = 140.01) 35600PE 10:51:00,5090.00 (419.6-216 = -203.60) 35600CE,5090.00 (419.6-216 = -203.60) 35600CE,-1250.00 (466.7-516.7 = 50.00) 35600PE 10:35:00,
3 Mar 2021 (Wed),8415,14:55,9322/-1128,-,334.75 (0.95%),22.36 - 22.24,Day Open > PDH,489.75 (35850.80-36340.55),5957.50 (334.45-96.15 = -238.30) 35900PE,-2250.00 (300-390 = 90.00) 35900CE 10:39:00,-1250.00 (300-350 = 50.00) 35900CE 10:19:00,5957.50 (334.45-96.15 = -238.30) 35900PE,
4 Mar 2021 (Thu),7743,14:55,7878/-268,-,-792.4 (-2.18%),23.6 - 23.66,-,310.50 (35605.00-35915.50),5263.75 (217-6.45 = -210.55) 35600PE,-1534.25 (204.55-265.92 = 61.37) 35600CE 11:10:00,-1250.00 (204.55-254.55 = 50.00) 35600CE 11:10:00,5263.75 (217-6.45 = -210.55) 35600PE,
,,,,,,,,,,,,,
Date,Profit,Exit Time,Max Profit/Loss,MTM Exit Type,BN Gap Up/Down,India VIX,BN Prev Day H/L,Spot Change,(1) BN Sell 1 Lot ATM PE,(2) BN Sell 1 Lot ATM CE,(3) BN Sell 1 Lot ATM CE,(4) BN Sell 1 Lot ATM PE,
5 Mar 2021 (Fri),-2500,10:45,1419/-3030,Stop Loss Hit,-344 (-0.96%),25.56 - 25.88,Day Open < PDL,-351.85 (35463.95-35112.10),-2317.50 (734.45-827.15 = 92.70) 35500PE,2316.25 (679-586.35 = -92.65) 35500CE,-1250.00 (679-729 = 50.00) 35500CE 10:09:00,-1250.00 (734.45-784.45 = 50.00) 35500PE 10:25:00,
8 Mar 2021 (Mon),7252,14:55,10602/0,-,234.3 (0.67%),24.69 - 24.45,-,-376.45 (35748.65-35372.20),-3350.25 (446.7-580.71 = 134.01) 35700PE 10:39:00,5926.25 (531-293.95 = -237.05) 35700CE,5926.25 (531-293.95 = -237.05) 35700CE,-1250.00 (446.7-496.7 = 50.00) 35700PE 10:29:00,
9 Mar 2021 (Tue),-2500,12:35,3185/-6874,Stop Loss Hit,430.15 (1.22%),23.5 - 22.74,-,43.65 (35752.95-35796.60),475.00 (341-322 = -19.00) 35800PE,-2417.25 (322.3-418.99 = 96.69) 35800CE 11:35:00,-1250.00 (322.3-372.3 = 50.00) 35800CE 10:04:00,475.00 (341-322 = -19.00) 35800PE,
10 Mar 2021 (Wed),6205,14:55,6422/-1260,-,246.6 (0.69%),21.58 - 20.86,Day Open > PDH,-123.50 (36005.45-35881.95),-1192.50 (159-206.7 = 47.70) 36000PE 10:43:00,4323.75 (188.65-15.7 = -172.95) 36000CE,4323.75 (188.65-15.7 = -172.95) 36000CE,-1250.00 (159-209 = 50.00) 36000PE 10:43:00,
,,,,,,,,,,,,,
Date,Profit,Exit Time,Max Profit/Loss,MTM Exit Type,BN Gap Up/Down,India VIX,BN Prev Day H/L,Spot Change,(1) BN Sell 1 Lot ATM PE,(2) BN Sell 1 Lot ATM CE,(3) BN Sell 1 Lot ATM CE,(4) BN Sell 1 Lot ATM PE,
12 Mar 2021 (Fri),13998,14:55,14487/-150,-,559.05 (1.56%),20.2 - 22.28,Day Open > PDH,-1038.25 (36348.75-35310.50),-3849.50 (513.25-667.23 = 153.98) 36300PE 12:22:00,9548.75 (616.75-234.8 = -381.95) 36300CE,9548.75 (616.75-234.8 = -381.95) 36300CE,-1250.00 (513.25-563.25 = 50.00) 36300PE 10:15:00,
15 Mar 2021 (Mon),-2500,14:40,7426/-4388,Stop Loss Hit,47.6 (0.13%),22.41 - 21.36,-,30.20 (34920.00-34950.20),-3996.50 (532.85-692.71 = 159.86) 34900PE 10:59:00,1087.50 (568.8-525.3 = -43.50) 34900CE,1087.50 (568.8-525.3 = -43.50) 34900CE,-1250.00 (532.85-582.85 = 50.00) 34900PE 10:04:00,
16 Mar 2021 (Tue),-2500,11:18,3724/-8671,Stop Loss Hit,169.45 (0.48%),20.48 - 20.16,-,-183.05 (35093.60-34910.55),660.00 (412.4-386 = -26.40) 35100PE,-3078.75 (410.5-533.65 = 123.15) 35100CE 10:30:00,-1250.00 (410.5-460.5 = 50.00) 35100CE 10:21:00,660.00 (412.4-386 = -26.40) 35100PE,
17 Mar 2021 (Wed),-2500,12:40,5840/-6284,Stop Loss Hit,100.45 (0.29%),20.07 - 19.88,-,-192.10 (34687.50-34495.40),550.00 (338-316 = -22.00) 34700PE,-2584.50 (344.6-447.98 = 103.38) 34700CE 11:25:00,-1250.00 (344.6-394.6 = 50.00) 34700CE 10:37:00,550.00 (338-316 = -22.00) 34700PE,
18 Mar 2021 (Thu),5551,14:55,5558/-292,-,348.25 (1.02%),19.39 - 20.33,-,-870.85 (34670.40-33799.55),-1326.50 (176.85-229.91 = 53.06) 34700PE 10:26:00,4063.75 (163.4-0.85 = -162.55) 34700CE,4063.75 (163.4-0.85 = -162.55) 34700CE,-1250.00 (176.85-226.85 = 50.00) 34700PE 10:25:00,
,,,,,,,,,,,,,
Date,Profit,Exit Time,Max Profit/Loss,MTM Exit Type,BN Gap Up/Down,India VIX,BN Prev Day H/L,Spot Change,(1) BN Sell 1 Lot ATM PE,(2) BN Sell 1 Lot ATM CE,(3) BN Sell 1 Lot ATM CE,(4) BN Sell 1 Lot ATM PE,
19 Mar 2021 (Fri),-2500,11:18,2504/-10385,Stop Loss Hit,-266.4 (-0.79%),21.25 - 20.04,Day Open < PDL,440.75 (33712.50-34153.25),1536.25 (646.55-585.1 = -61.45) 33700PE,-5122.75 (683.05-887.96 = 204.91) 33700CE 11:05:00,-1250.00 (683.05-733.05 = 50.00) 33700CE 10:07:00,1536.25 (646.55-585.1 = -61.45) 33700PE,
22 Mar 2021 (Mon),8072,14:55,10186/-599,-,-73.2 (-0.21%),20.5 - 20.72,-,-537.50 (34038.90-33501.40),-3882.50 (517.65-672.95 = 155.30) 34000PE 12:19:00,6602.50 (571.4-307.3 = -264.10) 34000CE,6602.50 (571.4-307.3 = -264.10) 34000CE,-1250.00 (517.65-567.65 = 50.00) 34000PE 10:01:00,
23 Mar 2021 (Tue),-2500,10:54,1604/-9208,Stop Loss Hit,144.5 (0.43%),21.16 - 20.64,-,453.35 (33887.60-34340.95),2261.25 (474.95-384.5 = -90.45) 33900PE,-3583.50 (477.8-621.14 = 143.34) 33900CE 10:54:00,-1250.00 (477.8-527.8 = 50.00) 33900CE 10:53:00,-1250.00 (474.95-524.95 = 50.00) 33900PE 10:16:00,
24 Mar 2021 (Wed),8908,14:55,9249/-497,-,-289.7 (-0.85%),20.96 - 22.54,-,-544.85 (33818.85-33274.00),-2481.50 (330.85-430.11 = 99.26) 33800PE 10:19:00,6320.00 (357.8-105 = -252.80) 33800CE,6320.00 (357.8-105 = -252.80) 33800CE,-1250.00 (330.85-380.85 = 50.00) 33800PE 10:10:00,
25 Mar 2021 (Thu),-2500,13:40,6569/-5851,Stop Loss Hit,127.5 (0.38%),22.57 - 22.28,-,496.45 (32956.70-33453.15),-1811.25 (241.5-313.95 = 72.45) 33000PE 11:11:00,18.75 (205.4-204.65 = -0.75) 33000CE,18.75 (205.4-204.65 = -0.75) 33000CE,-1250.00 (241.5-291.5 = 50.00) 33000PE 10:54:00,
,,,,,,,,,,,,,
Date,Profit,Exit Time,Max Profit/Loss,MTM Exit Type,BN Gap Up/Down,India VIX,BN Prev Day H/L,Spot Change,(1) BN Sell 1 Lot ATM PE,(2) BN Sell 1 Lot ATM CE,(3) BN Sell 1 Lot ATM CE,(4) BN Sell 1 Lot ATM PE,
26 Mar 2021 (Fri),4984,14:55,6599/-598,-,598.6 (1.81%),22.04 - 20.81,Day Open > PDH,79.85 (33251.25-33331.10),2932.50 (627.15-509.85 = -117.30) 33300PE,370.00 (629.8-615 = -14.80) 33300CE,-1250.00 (629.8-679.8 = 50.00) 33300CE 10:01:00,2932.50 (627.15-509.85 = -117.30) 33300PE,
30 Mar 2021 (Tue),583,14:55,2348/-1616,-,297.7 (0.89%),20.24 - 20.5,Day Open > PDH,115.45 (33803.85-33919.30),2505.00 (430-329.8 = -100.20) 33800PE,578.75 (470-446.85 = -23.15) 33800CE,-1250.00 (470-520 = 50.00) 33800CE 10:19:00,-1250.00 (430-480 = 50.00) 33800PE 12:10:00,
31 Mar 2021 (Wed),-2500,13:05,4498/-3302,Stop Loss Hit,-110.3 (-0.33%),20.64 - 20.68,-,-166.75 (33489.25-33322.50),-2492.75 (332.35-432.06 = 99.71) 33500PE 10:40:00,220.00 (337.8-329 = -8.80) 33500CE,220.00 (337.8-329 = -8.80) 33500CE,-1250.00 (332.35-382.35 = 50.00) 33500PE 10:18:00,
1 Apr 2021 (Thu),-2500,13:15,3159/-5227,Stop Loss Hit,284.1 (0.85%),20.13 - 19.97,-,347.45 (33423.40-33770.85),-1223.25 (163.1-212.03 = 48.93) 33400PE 10:46:00,-478.75 (200.55-219.7 = 19.15) 33400CE,-478.75 (200.55-219.7 = 19.15) 33400CE,-1250.00 (163.1-213.1 = 50.00) 33400PE 10:46:00,
,,,,,,,,,,,,,
Date,Profit,Exit Time,Max Profit/Loss,MTM Exit Type,BN Gap Up/Down,India VIX,BN Prev Day H/L,Spot Change,(1) BN Sell 1 Lot ATM PE,(2) BN Sell 1 Lot ATM CE,(3) BN Sell 1 Lot ATM CE,(4) BN Sell 1 Lot ATM PE,
5 Apr 2021 (Mon),-2500,10:10,3991/-3277,Stop Loss Hit,-208.85 (-0.62%),21.69 - 21.27,-,-185.30 (32885.70-32700.40),-3803.00 (507.05-659.17 = 152.12) 32900PE 10:02:00,1127.50 (522.45-477.35 = -45.10) 32900CE,1127.50 (522.45-477.35 = -45.10) 32900CE,-1250.00 (507.05-557.05 = 50.00) 32900PE 09:59:00,
6 Apr 2021 (Tue),5235,14:55,7001/-994,-,236.8 (0.72%),21.19 - 20.89,-,-336.85 (32829.90-32493.05),-3239.25 (431.9-561.47 = 129.57) 32800PE 12:43:00,4862.50 (487.95-293.45 = -194.50) 32800CE,4862.50 (487.95-293.45 = -194.50) 32800CE,-1250.00 (431.9-481.9 = 50.00) 32800PE 10:16:00,
7 Apr 2021 (Wed),88,14:55,1591/-1695,-,28.35 (0.09%),20.97 - 20.31,-,266.25 (32709.90-32976.15),5747.50 (388-158.1 = -229.90) 32700PE,-3158.75 (421.15-547.5 = 126.35) 32700CE 12:05:00,-1250.00 (421.15-471.15 = 50.00) 32700CE 10:02:00,-1250.00 (388-438 = 50.00) 32700PE 10:16:00,
8 Apr 2021 (Thu),5874,14:55,5894/-1810,-,163 (0.49%),19.84 - 20.13,-,-323.40 (33203.20-32879.80),-1138.50 (151.8-197.34 = 45.54) 33200PE 11:37:00,4131.25 (167.85-2.6 = -165.25) 33200CE,4131.25 (167.85-2.6 = -165.25) 33200CE,-1250.00 (151.8-201.8 = 50.00) 33200PE 11:37:00,
,,,,,,,,,,,,,
Date,Profit,Exit Time,Max Profit/Loss,MTM Exit Type,BN Gap Up/Down,India VIX,BN Prev Day H/L,Spot Change,(1) BN Sell 1 Lot ATM PE,(2) BN Sell 1 Lot ATM CE,(3) BN Sell 1 Lot ATM CE,(4) BN Sell 1 Lot ATM PE,
9 Apr 2021 (Fri),-2500,10:45,1963/-9033,Stop Loss Hit,-145.95 (-0.45%),20.4 - 19.76,Day Open < PDL,-173.85 (32660.70-32486.85),1338.75 (517.35-463.8 = -53.55) 32700PE,-3967.50 (529-687.7 = 158.70) 32700CE 10:10:00,-1250.00 (529-579 = 50.00) 32700CE 10:04:00,1338.75 (517.35-463.8 = -53.55) 32700PE,
12 Apr 2021 (Mon),8166,14:55,8790/-825,-,-810.15 (-2.5%),22.05 - 23.16,Day Open < PDL,-605.90 (31192.60-30586.70),-3596.25 (479.5-623.35 = 143.85) 31200PE 11:29:00,6506.25 (488.75-228.5 = -260.25) 31200CE,6506.25 (488.75-228.5 = -260.25) 31200CE,-1250.00 (479.5-529.5 = 50.00) 31200PE 10:17:00,
13 Apr 2021 (Tue),720,14:55,1453/-2450,-,109.8 (0.36%),21.52 - 20.62,-,549.90 (31186.20-31736.10),5897.50 (362.2-126.3 = -235.90) 31200PE,-2677.25 (356.95-464.04 = 107.09) 31200CE 13:48:00,-1250.00 (356.95-406.95 = 50.00) 31200CE 10:11:00,-1250.00 (362.2-412.2 = 50.00) 31200PE 11:40:00,
15 Apr 2021 (Thu),-2500,10:00,574/-5426,Stop Loss Hit,157.5 (0.5%),21.07 - 20.96,Day Open > PDH,264.50 (31748.10-32012.60),36.25 (178.75-177.3 = -1.45) 31700PE,-1587.00 (211.6-275.08 = 63.48) 31700CE 10:00:00,-1250.00 (211.6-261.6 = 50.00) 31700CE 10:00:00,36.25 (178.75-177.3 = -1.45) 31700PE,
,,,,,,,,,,,,,
Date,Profit,Exit Time,Max Profit/Loss,MTM Exit Type,BN Gap Up/Down,India VIX,BN Prev Day H/L,Spot Change,(1) BN Sell 1 Lot ATM PE,(2) BN Sell 1 Lot ATM CE,(3) BN Sell 1 Lot ATM CE,(4) BN Sell 1 Lot ATM PE,
16 Apr 2021 (Fri),2302,14:55,3408/-2183,-,48.6 (0.15%),20.46 - 20.28,-,-86.10 (32173.15-32087.05),-352.50 (541.75-555.85 = 14.10) 32200PE,1952.50 (528.15-450.05 = -78.10) 32200CE,1952.50 (528.15-450.05 = -78.10) 32200CE,-1250.00 (541.75-591.75 = 50.00) 32200PE 10:04:00,
19 Apr 2021 (Mon),5155,14:55,7333/-84,-,-984 (-3.08%),22.51 - 22.69,Day Open < PDL,364.40 (30582.00-30946.40),5121.25 (545.2-340.35 = -204.85) 30600PE,-3837.25 (511.65-665.14 = 153.49) 30600CE 13:58:00,-1250.00 (511.65-561.65 = 50.00) 30600CE 10:30:00,5121.25 (545.2-340.35 = -204.85) 30600PE,
20 Apr 2021 (Tue),8044,14:55,8499/-108,-,360.55 (1.16%),21.86 - 22.56,Day Open > PDH,-613.55 (31589.05-30975.50),-2673.00 (356.4-463.32 = 106.92) 31600PE 12:20:00,5983.75 (339.55-100.2 = -239.35) 31600CE,5983.75 (339.55-100.2 = -239.35) 31600CE,-1250.00 (356.4-406.4 = 50.00) 31600PE 11:09:00,
22 Apr 2021 (Thu),-2500,10:11,1411/-3731,Stop Loss Hit,-349.2 (-1.12%),22.95 - 23.02,Day Open < PDL,802.40 (30895.90-31698.30),898.75 (214.9-178.95 = -35.95) 30900PE,-1147.50 (189.1-235 = 45.90) 30900CE,-1147.50 (189.1-235 = 45.90) 30900CE,-1250.00 (214.9-264.9 = 50.00) 30900PE 10:07:00,
,,,,,,,,,,,,,
Date,Profit,Exit Time,Max Profit/Loss,MTM Exit Type,BN Gap Up/Down,India VIX,BN Prev Day H/L,Spot Change,(1) BN Sell 1 Lot ATM PE,(2) BN Sell 1 Lot ATM CE,(3) BN Sell 1 Lot ATM CE,(4) BN Sell 1 Lot ATM PE,
23 Apr 2021 (Fri),-2500,13:37,3377/-8069,Stop Loss Hit,-292 (-0.92%),22.7 - 22.61,-,26.80 (31624.80-31651.60),1511.25 (583.45-523 = -60.45) 31600PE,-4645.25 (619.35-805.16 = 185.81) 31600CE 10:26:00,-1250.00 (619.35-669.35 = 50.00) 31600CE 10:01:00,1511.25 (583.45-523 = -60.45) 31600PE,
26 Apr 2021 (Mon),5201,14:55,5994/-752,-,594.35 (1.87%),23.29 - 23.43,Day Open > PDH,-246.20 (32540.45-32294.25),-1496.25 (516.75-576.6 = 59.85) 32500PE,3973.75 (542.2-383.25 = -158.95) 32500CE,3973.75 (542.2-383.25 = -158.95) 32500CE,-1250.00 (516.75-566.75 = 50.00) 32500PE 12:21:00,
27 Apr 2021 (Tue),3831,14:55,5461/-112,-,-46.2 (-0.14%),23.36 - 23.13,-,341.20 (32325.65-32666.85),4228.75 (395.65-226.5 = -169.15) 32300PE,-3375.75 (450.1-585.13 = 135.03) 32300CE 11:51:00,-1250.00 (450.1-500.1 = 50.00) 32300CE 10:45:00,4228.75 (395.65-226.5 = -169.15) 32300PE,
28 Apr 2021 (Wed),-2500,12:25,1058/-2819,Stop Loss Hit,130.15 (0.4%),22.7 - 22.53,Day Open > PDH,645.50 (33088.30-33733.80),2222.50 (302.5-213.6 = -88.90) 33100PE,-2239.50 (298.6-388.18 = 89.58) 33100CE 12:25:00,-1250.00 (298.6-348.6 = 50.00) 33100CE 12:24:00,-1250.00 (302.5-352.5 = 50.00) 33100PE 10:27:00,
29 Apr 2021 (Thu),-2500,10:49,4393/-6203,Stop Loss Hit,178.8 (0.53%),22.63 - 23.31,Day Open > PDH,245.80 (33528.70-33774.50),-196.25 (272-279.85 = 7.85) 33500PE,-2003.25 (267.1-347.23 = 80.13) 33500CE 10:04:00,-1250.00 (267.1-317.1 = 50.00) 33500CE 10:04:00,-196.25 (272-279.85 = 7.85) 33500PE,
,,,,,,,,,,,,,
Date,Profit,Exit Time,Max Profit/Loss,MTM Exit Type,BN Gap Up/Down,India VIX,BN Prev Day H/L,Spot Change,(1) BN Sell 1 Lot ATM PE,(2) BN Sell 1 Lot ATM CE,(3) BN Sell 1 Lot ATM CE,(4) BN Sell 1 Lot ATM PE,
30 Apr 2021 (Fri),-757,14:55,2055/-2415,-,-602.1 (-1.79%),23.1 - 22.74,Day Open < PDL,-430.60 (33309.30-32878.70),-4672.25 (622.95-809.84 = 186.89) 33300PE 13:45:00,6415.00 (668.65-412.05 = -256.60) 33300CE,-1250.00 (668.65-718.65 = 50.00) 33300CE 10:56:00,-1250.00 (622.95-672.95 = 50.00) 33300PE 10:07:00,
3 May 2021 (Mon),-2500,10:46,2006/-9034,Stop Loss Hit,-413.25 (-1.26%),23.64 - 23.55,Day Open < PDL,86.80 (32341.05-32427.85),3076.25 (517.7-394.65 = -123.05) 32300PE,-3088.75 (570.25-693.8 = 123.55) 32300CE,-1250.00 (570.25-620.25 = 50.00) 32300CE 10:40:00,-1250.00 (517.7-567.7 = 50.00) 32300PE 10:20:00,
4 May 2021 (Tue),-2500,13:15,3330/-4386,Stop Loss Hit,144.65 (0.45%),22.65 - 23.16,Day Open > PDH,-522.80 (32778.95-32256.15),-3131.25 (417.5-542.75 = 125.25) 32800PE 13:15:00,2953.75 (426.05-307.9 = -118.15) 32800CE,-1250.00 (426.05-476.05 = 50.00) 32800CE 10:02:00,-1250.00 (417.5-467.5 = 50.00) 32800PE 13:14:00,
5 May 2021 (Wed),-2500,10:04,551/-8350,Stop Loss Hit,306.75 (0.95%),22.81 - 22.02,-,217.75 (32499.20-32716.95),-2930.75 (390.75-507.98 = 117.23) 32500PE 10:04:00,-728.75 (389.4-418.55 = 29.15) 32500CE,-1250.00 (389.4-439.4 = 50.00) 32500CE 10:00:00,-1250.00 (390.75-440.75 = 50.00) 32500PE 10:04:00,
6 May 2021 (Thu),-2500,12:19,4650/-3010,Stop Loss Hit,117.05 (0.36%),21.81 - 21.74,Day Open > PDH,41.95 (32772.20-32814.15),-1632.00 (217.6-282.88 = 65.28) 32800PE 10:17:00,70.00 (182.8-180 = -2.80) 32800CE,70.00 (182.8-180 = -2.80) 32800CE,-1250.00 (217.6-267.6 = 50.00) 32800PE 10:16:00,
,,,,,,,,,,,,,
Date,Profit,Exit Time,Max Profit/Loss,MTM Exit Type,BN Gap Up/Down,India VIX,BN Prev Day H/L,Spot Change,(1) BN Sell 1 Lot ATM PE,(2) BN Sell 1 Lot ATM CE,(3) BN Sell 1 Lot ATM CE,(4) BN Sell 1 Lot ATM PE,
7 May 2021 (Fri),503,14:55,3616/-128,-,213.85 (0.65%),21.35 - 20.78,Day Open > PDH,-154.00 (33101.45-32947.45),-3716.25 (495.5-644.15 = 148.65) 33100PE 12:16:00,2735.00 (531.8-422.4 = -109.40) 33100CE,2735.00 (531.8-422.4 = -109.40) 33100CE,-1250.00 (495.5-545.5 = 50.00) 33100PE 10:43:00,
10 May 2021 (Mon),1061,14:55,3934/-848,-,270.8 (0.82%),20.78 - 20.18,-,61.75 (33060.15-33121.90),2595.00 (405.6-301.8 = -103.80) 33100PE,-2879.00 (383.85-499.01 = 115.16) 33100CE 10:34:00,-1250.00 (383.85-433.85 = 50.00) 33100CE 10:14:00,2595.00 (405.6-301.8 = -103.80) 33100PE,
11 May 2021 (Tue),-2500,10:28,3675/-5127,Stop Loss Hit,-501.45 (-1.51%),20.01 - 19.8,Day Open < PDL,53.55 (32817.60-32871.15),201.25 (248.05-240 = -8.05) 32800PE,-1945.50 (259.4-337.22 = 77.82) 32800CE 10:24:00,-1250.00 (259.4-309.4 = 50.00) 32800CE 10:24:00,201.25 (248.05-240 = -8.05) 32800PE,
12 May 2021 (Wed),3897,14:55,3900/-2016,-,-154.55 (-0.47%),20.11 - 20.15,-,-182.50 (32650.95-32468.45),-1322.00 (176.25-229.13 = 52.88) 32700PE 10:21:00,3235.00 (131.45-2.05 = -129.40) 32700CE,3235.00 (131.45-2.05 = -129.40) 32700CE,-1250.00 (176.25-226.25 = 50.00) 32700PE 10:21:00,
,,,,,,,,,,,,,
Date,Profit,Exit Time,Max Profit/Loss,MTM Exit Type,BN Gap Up/Down,India VIX,BN Prev Day H/L,Spot Change,(1) BN Sell 1 Lot ATM PE,(2) BN Sell 1 Lot ATM CE,(3) BN Sell 1 Lot ATM CE,(4) BN Sell 1 Lot ATM PE,
14 May 2021 (Fri),2042,14:55,4335/-925,-,42.85 (0.13%),20.15 - 19.91,-,-254.65 (32502.40-32247.75),-3245.25 (432.7-562.51 = 129.81) 32500PE 11:37:00,3268.75 (468.3-337.55 = -130.75) 32500CE,3268.75 (468.3-337.55 = -130.75) 32500CE,-1250.00 (432.7-482.7 = 50.00) 32500PE 10:54:00,
17 May 2021 (Mon),7960,14:55,8188/-710,-,268.3 (0.83%),19.74 - 20.3,-,724.25 (32682.75-33407.00),5943.75 (370.35-132.6 = -237.75) 32700PE,-2676.75 (356.9-463.97 = 107.07) 32700CE 10:10:00,-1250.00 (356.9-406.9 = 50.00) 32700CE 10:03:00,5943.75 (370.35-132.6 = -237.75) 32700PE,
18 May 2021 (Tue),-2500,10:30,2570/-6419,Stop Loss Hit,433.85 (1.3%),18.92 - 19.09,Day Open > PDH,-56.05 (33947.90-33891.85),-2216.75 (295.55-384.22 = 88.67) 33900PE 10:09:00,257.50 (373.15-362.85 = -10.30) 33900CE,257.50 (373.15-362.85 = -10.30) 33900CE,-1250.00 (295.55-345.55 = 50.00) 33900PE 10:08:00,
19 May 2021 (Wed),2157,14:55,5485/-445,-,-205.3 (-0.61%),19.5 - 19.24,Day Open < PDL,-89.20 (33892.80-33803.60),-1997.25 (266.3-346.19 = 79.89) 33900PE 10:32:00,2702.50 (266.15-158.05 = -108.10) 33900CE,2702.50 (266.15-158.05 = -108.10) 33900CE,-1250.00 (266.3-316.3 = 50.00) 33900PE 10:23:00,
20 May 2021 (Thu),5322,14:55,5345/0,-,7.35 (0.02%),19.3 - 19.73,-,-355.70 (33716.75-33361.05),-985.50 (131.4-170.82 = 39.42) 33700PE 13:15:00,3778.75 (153.3-2.15 = -151.15) 33700CE,3778.75 (153.3-2.15 = -151.15) 33700CE,-1250.00 (131.4-181.4 = 50.00) 33700PE 13:15:00,
,,,,,,,,,,,,,
Date,Profit,Exit Time,Max Profit/Loss,MTM Exit Type,BN Gap Up/Down,India VIX,BN Prev Day H/L,Spot Change,(1) BN Sell 1 Lot ATM PE,(2) BN Sell 1 Lot ATM CE,(3) BN Sell 1 Lot ATM CE,(4) BN Sell 1 Lot ATM PE,
21 May 2021 (Fri),6866,14:55,7447/-352,-,225.25 (0.68%),19.01 - 19.1,-,548.45 (33959.75-34508.20),5861.25 (451.55-217.1 = -234.45) 34000PE,-3605.75 (480.75-624.98 = 144.23) 34000CE 14:16:00,-1250.00 (480.75-530.75 = 50.00) 34000CE 10:19:00,5861.25 (451.55-217.1 = -234.45) 34000PE,
24 May 2021 (Mon),-2500,10:08,997/-8846,Stop Loss Hit,262.4 (0.76%),19.45 - 19.15,Day Open > PDH,405.90 (34775.55-35181.45),-3069.25 (409.25-532.02 = 122.77) 34800PE 10:02:00,645.00 (437-411.2 = -25.80) 34800CE,645.00 (437-411.2 = -25.80) 34800CE,-1250.00 (409.25-459.25 = 50.00) 34800PE 09:59:00,
25 May 2021 (Tue),-2500,11:46,7102/-2904,Stop Loss Hit,151.4 (0.43%),18.83 - 18.84,-,-202.20 (34745.45-34543.25),-2030.75 (270.75-351.98 = 81.23) 34700PE 11:15:00,188.75 (417-409.45 = -7.55) 34700CE,188.75 (417-409.45 = -7.55) 34700CE,-1250.00 (270.75-320.75 = 50.00) 34700PE 10:19:00,
26 May 2021 (Wed),3714,14:55,4506/-196,-,95.15 (0.27%),18.67 - 20.94,-,187.30 (34572.90-34760.20),3471.25 (258.7-119.85 = -138.85) 34600PE,-1978.25 (263.75-342.88 = 79.13) 34600CE 10:25:00,-1250.00 (263.75-313.75 = 50.00) 34600CE 10:23:00,3471.25 (258.7-119.85 = -138.85) 34600PE,
27 May 2021 (Thu),5541,14:55,5587/0,-,-20 (-0.06%),18.72 - 20.1,-,312.30 (34587.20-34899.50),3973.75 (163.1-4.15 = -158.95) 34600PE,-1155.75 (154.1-200.33 = 46.23) 34600CE 11:27:00,-1250.00 (154.1-204.1 = 50.00) 34600CE 11:27:00,3973.75 (163.1-4.15 = -158.95) 34600PE,
,,,,,,,,,,,,,
Date,Profit,Exit Time,Max Profit/Loss,MTM Exit Type,BN Gap Up/Down,India VIX,BN Prev Day H/L,Spot Change,(1) BN Sell 1 Lot ATM PE,(2) BN Sell 1 Lot ATM CE,(3) BN Sell 1 Lot ATM CE,(4) BN Sell 1 Lot ATM PE,
28 May 2021 (Fri),4437,14:55,5038/0,-,250.6 (0.71%),17.6 - 17.42,Day Open > PDH,-191.20 (35235.10-35043.90),-1480.00 (459.9-519.1 = 59.20) 35200PE,3583.75 (573.45-430.1 = -143.35) 35200CE,3583.75 (573.45-430.1 = -143.35) 35200CE,-1250.00 (459.9-509.9 = 50.00) 35200PE 11:02:00,
31 May 2021 (Mon),2449,14:55,3384/-1317,-,-44 (-0.13%),16.99 - 16.8,-,229.15 (35219.00-35448.15),3422.50 (387.05-250.15 = -136.90) 35200PE,-3145.75 (419.45-545.28 = 125.83) 35200CE 14:05:00,-1250.00 (419.45-469.45 = 50.00) 35200CE 10:08:00,3422.50 (387.05-250.15 = -136.90) 35200PE,
1 Jun 2021 (Tue),3161,14:55,4602/-1876,-,113.1 (0.32%),16.7 - 17.5,Day Open > PDH,-201.10 (35535.35-35334.25),-2198.00 (293.05-380.97 = 87.92) 35500PE 10:15:00,3305.00 (348.5-216.3 = -132.20) 35500CE,3305.00 (348.5-216.3 = -132.20) 35500CE,-1250.00 (293.05-343.05 = 50.00) 35500PE 10:04:00,
2 Jun 2021 (Wed),2313,14:55,3670/0,-,-65.6 (-0.19%),16.52 - 17.21,-,199.00 (35137.35-35336.35),2792.50 (201.75-90.05 = -111.70) 35100PE,-2021.00 (269.45-350.29 = 80.84) 35100CE 14:54:00,-1250.00 (269.45-319.45 = 50.00) 35100CE 14:00:00,2792.50 (201.75-90.05 = -111.70) 35100PE,
3 Jun 2021 (Thu),2580,14:55,3896/0,-,162.7 (0.46%),15.55 - 15.51,Day Open > PDH,94.90 (35511.15-35606.05),2416.25 (114.4-17.75 = -96.65) 35500PE,-1002.00 (133.6-173.68 = 40.08) 35500CE 13:51:00,-1250.00 (133.6-183.6 = 50.00) 35500CE 13:51:00,2416.25 (114.4-17.75 = -96.65) 35500PE,
,,,,,,,,,,,,,
Date,Profit,Exit Time,Max Profit/Loss,MTM Exit Type,BN Gap Up/Down,India VIX,BN Prev Day H/L,Spot Change,(1) BN Sell 1 Lot ATM PE,(2) BN Sell 1 Lot ATM CE,(3) BN Sell 1 Lot ATM CE,(4) BN Sell 1 Lot ATM PE,
4 Jun 2021 (Fri),-699,14:55,958/-1400,-,8.85 (0.02%),16.19 - 15.85,-,-350.45 (35632.85-35282.40),-3200.50 (426.75-554.77 = 128.02) 35600PE 13:25:00,5001.25 (515.05-315 = -200.05) 35600CE,-1250.00 (515.05-565.05 = 50.00) 35600CE 10:03:00,-1250.00 (426.75-476.75 = 50.00) 35600PE 10:57:00,
7 Jun 2021 (Mon),740,14:55,1762/-84,-,169.15 (0.48%),15.07 - 15.85,-,46.25 (35444.10-35490.35),1118.75 (271.5-226.75 = -44.75) 35400PE,-247.50 (384.5-394.4 = 9.90) 35400CE,-1250.00 (384.5-434.5 = 50.00) 35400CE 11:00:00,1118.75 (271.5-226.75 = -44.75) 35400PE,
8 Jun 2021 (Tue),5234,14:55,5452/-270,-,-9.85 (-0.03%),15.07 - 15.27,-,37.95 (35104.35-35142.30),1901.25 (258.4-182.35 = -76.05) 35100PE,716.25 (308-279.35 = -28.65) 35100CE,716.25 (308-279.35 = -28.65) 35100CE,1901.25 (258.4-182.35 = -76.05) 35100PE,
9 Jun 2021 (Wed),4207,14:55,4419/-843,-,28.95 (0.08%),14.76 - 14.98,-,-582.30 (35350.20-34767.90),-1545.00 (206-267.8 = 61.80) 35400PE 12:53:00,3501.25 (174.3-34.25 = -140.05) 35400CE,3501.25 (174.3-34.25 = -140.05) 35400CE,-1250.00 (206-256 = 50.00) 35400PE 12:53:00,
10 Jun 2021 (Thu),-2500,10:44,706/-4486,Stop Loss Hit,103.1 (0.3%),15.05 - 15.01,-,169.60 (34889.05-35058.65),-1002.50 (133.65-173.75 = 40.10) 34900PE 10:03:00,-222.50 (131.2-140.1 = 8.90) 34900CE,-222.50 (131.2-140.1 = 8.90) 34900CE,-1250.00 (133.65-183.65 = 50.00) 34900PE 10:03:00,
,,,,,,,,,,,,,
Date,Profit,Exit Time,Max Profit/Loss,MTM Exit Type,BN Gap Up/Down,India VIX,BN Prev Day H/L,Spot Change,(1) BN Sell 1 Lot ATM PE,(2) BN Sell 1 Lot ATM CE,(3) BN Sell 1 Lot ATM CE,(4) BN Sell 1 Lot ATM PE,
11 Jun 2021 (Fri),1929,14:55,5009/0,-,193.45 (0.55%),14.46 - 13.98,Day Open > PDH,-184.30 (35244.45-35060.15),-2545.50 (339.4-441.22 = 101.82) 35200PE 11:15:00,2862.50 (440.55-326.05 = -114.50) 35200CE,2862.50 (440.55-326.05 = -114.50) 35200CE,-1250.00 (339.4-389.4 = 50.00) 35200PE 11:11:00,
14 Jun 2021 (Mon),4884,14:55,5781/-14,-,-110.85 (-0.32%),14.6 - 14.8,-,278.20 (34676.75-34954.95),4300.00 (324-152 = -172.00) 34700PE,-2465.75 (328.75-427.38 = 98.63) 34700CE 13:23:00,-1250.00 (328.75-378.75 = 50.00) 34700CE 13:23:00,4300.00 (324-152 = -172.00) 34700PE,
15 Jun 2021 (Tue),881,14:55,2186/-1720,-,87.45 (0.25%),14.43 - 14.61,Day Open > PDH,13.35 (35231.55-35244.90),905.00 (229-192.8 = -36.20) 35200PE,321.25 (263.15-250.3 = -12.85) 35200CE,-1250.00 (263.15-313.15 = 50.00) 35200CE 12:24:00,905.00 (229-192.8 = -36.20) 35200PE,
16 Jun 2021 (Wed),3441,14:55,4391/-649,-,-51.5 (-0.15%),14.72 - 14.66,-,-203.10 (35235.60-35032.50),-1323.75 (176.5-229.45 = 52.95) 35200PE 10:30:00,3007.50 (240.4-120.1 = -120.30) 35200CE,3007.50 (240.4-120.1 = -120.30) 35200CE,-1250.00 (176.5-226.5 = 50.00) 35200PE 10:30:00,
17 Jun 2021 (Thu),4348,14:55,4376/-94,-,-383.7 (-1.1%),15.14 - 15.57,Day Open < PDL,-210.50 (34805.20-34594.70),-909.00 (121.2-157.56 = 36.36) 34800PE 12:03:00,3253.75 (132.2-2.05 = -130.15) 34800CE,3253.75 (132.2-2.05 = -130.15) 34800CE,-1250.00 (121.2-171.2 = 50.00) 34800PE 14:14:00,
,,,,,,,,,,,,,
Date,Profit,Exit Time,Max Profit/Loss,MTM Exit Type,BN Gap Up/Down,India VIX,BN Prev Day H/L,Spot Change,(1) BN Sell 1 Lot ATM PE,(2) BN Sell 1 Lot ATM CE,(3) BN Sell 1 Lot ATM CE,(4) BN Sell 1 Lot ATM PE,
18 Jun 2021 (Fri),-2500,13:59,2630/-7627,Stop Loss Hit,129.75 (0.37%),15.81 - 14.99,-,215.55 (34285.40-34500.95),-3012.25 (401.65-522.14 = 120.49) 34300PE 10:56:00,793.75 (455.1-423.35 = -31.75) 34300CE,793.75 (455.1-423.35 = -31.75) 34300CE,-1250.00 (401.65-451.65 = 50.00) 34300PE 10:29:00,
21 Jun 2021 (Mon),9073,14:55,9424/-794,-,-448.55 (-1.3%),16.01 - 15.24,-,610.05 (34197.05-34807.10),6467.50 (361-102.3 = -258.70) 34200PE,-2612.00 (348.25-452.73 = 104.48) 34200CE 10:30:00,-1250.00 (348.25-398.25 = 50.00) 34200CE 10:01:00,6467.50 (361-102.3 = -258.70) 34200PE,
22 Jun 2021 (Tue),3395,14:55,3736/-1488,-,213.6 (0.61%),14.62 - 14.7,Day Open > PDH,-355.15 (35166.80-34811.65),-1964.25 (261.9-340.47 = 78.57) 35200PE 12:20:00,3305.00 (241.95-109.75 = -132.20) 35200CE,3305.00 (241.95-109.75 = -132.20) 35200CE,-1250.00 (261.9-311.9 = 50.00) 35200PE 12:20:00,
23 Jun 2021 (Wed),-2500,10:50,518/-5420,Stop Loss Hit,166.85 (0.48%),14.95 - 15.35,-,-138.90 (34744.15-34605.25),-1338.00 (178.4-231.92 = 53.52) 34700PE 10:15:00,41.25 (252.05-250.4 = -1.65) 34700CE,41.25 (252.05-250.4 = -1.65) 34700CE,-1250.00 (178.4-228.4 = 50.00) 34700PE 10:15:00,
24 Jun 2021 (Thu),-2500,13:14,1164/-4437,Stop Loss Hit,113.7 (0.33%),15.13 - 15.28,-,113.50 (34775.15-34888.65),-1054.50 (140.6-182.78 = 42.18) 34800PE 11:32:00,-312.50 (117.75-130.25 = 12.50) 34800CE,-312.50 (117.75-130.25 = 12.50) 34800CE,-1250.00 (140.6-190.6 = 50.00) 34800PE 11:39:00,
,,,,,,,,,,,,,
Date,Profit,Exit Time,Max Profit/Loss,MTM Exit Type,BN Gap Up/Down,India VIX,BN Prev Day H/L,Spot Change,(1) BN Sell 1 Lot ATM PE,(2) BN Sell 1 Lot ATM CE,(3) BN Sell 1 Lot ATM CE,(4) BN Sell 1 Lot ATM PE,
25 Jun 2021 (Fri),1820,14:55,3408/-162,-,89.65 (0.26%),14.82 - 13.5,-,348.85 (35035.95-35384.80),3112.50 (313.25-188.75 = -124.50) 35000PE,-3154.25 (420.55-546.72 = 126.17) 35000CE 13:29:00,-1250.00 (420.55-470.55 = 50.00) 35000CE 11:57:00,3112.50 (313.25-188.75 = -124.50) 35000PE,
28 Jun 2021 (Mon),1800,14:55,2598/0,-,123.55 (0.35%),13.53 - 13.4,-,6.40 (35346.00-35352.40),326.25 (270.7-257.65 = -13.05) 35300PE,573.75 (357.8-334.85 = -22.95) 35300CE,573.75 (357.8-334.85 = -22.95) 35300CE,326.25 (270.7-257.65 = -13.05) 35300PE,
29 Jun 2021 (Tue),2954,14:55,3816/0,-,-39 (-0.11%),13.29 - 13.14,-,-142.05 (35117.10-34975.05),-1617.50 (215.65-280.35 = 64.70) 35100PE 14:01:00,2911.25 (294.15-177.7 = -116.45) 35100CE,2911.25 (294.15-177.7 = -116.45) 35100CE,-1250.00 (215.65-265.65 = 50.00) 35100PE 14:01:00,
30 Jun 2021 (Wed),-2500,13:44,2252/-5304,Stop Loss Hit,-8.4 (-0.02%),12.8 - 12.93,-,-143.50 (34990.90-34847.40),35.00 (180.35-178.95 = -1.40) 35000PE,-1452.50 (193.65-251.75 = 58.10) 35000CE 10:42:00,-1250.00 (193.65-243.65 = 50.00) 35000CE 10:39:00,35.00 (180.35-178.95 = -1.40) 35000PE,
1 Jul 2021 (Thu),-2500,13:12,1011/-3738,Stop Loss Hit,93.8 (0.27%),12.92 - 12.92,-,-105.65 (34819.15-34713.50),-733.25 (97.75-127.08 = 29.33) 34800PE 10:13:00,-442.50 (112.3-130 = 17.70) 34800CE,-442.50 (112.3-130 = 17.70) 34800CE,-1250.00 (97.75-147.75 = 50.00) 34800PE 10:39:00,
,,,,,,,,,,,,,
Date,Profit,Exit Time,Max Profit/Loss,MTM Exit Type,BN Gap Up/Down,India VIX,BN Prev Day H/L,Spot Change,(1) BN Sell 1 Lot ATM PE,(2) BN Sell 1 Lot ATM CE,(3) BN Sell 1 Lot ATM CE,(4) BN Sell 1 Lot ATM PE,
2 Jul 2021 (Fri),1605,14:55,2230/-86,-,44.1 (0.13%),12.79 - 12.16,-,35.00 (34742.60-34777.60),1273.75 (288.6-237.65 = -50.95) 34700PE,307.50 (344-331.7 = -12.30) 34700CE,-1250.00 (344-394 = 50.00) 34700CE 12:59:00,1273.75 (288.6-237.65 = -50.95) 34700PE,
5 Jul 2021 (Mon),2312,14:55,2512/0,-,201.05 (0.58%),12.42 - 12.03,Day Open > PDH,103.65 (35098.05-35201.70),1918.75 (235.1-158.35 = -76.75) 35100PE,-762.50 (240-270.5 = 30.50) 35100CE,-762.50 (240-270.5 = 30.50) 35100CE,1918.75 (235.1-158.35 = -76.75) 35100PE,
6 Jul 2021 (Tue),2769,14:55,3266/-24,-,-38.4 (-0.11%),11.95 - 12.23,-,244.55 (35470.55-35715.10),2633.75 (214.3-108.95 = -105.35) 35500PE,-1248.25 (166.45-216.38 = 49.93) 35500CE 11:09:00,-1250.00 (166.45-216.45 = 50.00) 35500CE 11:09:00,2633.75 (214.3-108.95 = -105.35) 35500PE,
7 Jul 2021 (Wed),1281,14:55,1454/0,-,-28.55 (-0.08%),12.49 - 12.23,-,63.60 (35625.35-35688.95),1301.25 (160.25-108.2 = -52.05) 35600PE,-71.25 (183.6-186.45 = 2.85) 35600CE,-1250.00 (183.6-233.6 = 50.00) 35600CE 12:45:00,1301.25 (160.25-108.2 = -52.05) 35600PE,
8 Jul 2021 (Thu),4667,14:55,4677/-218,-,-168.05 (-0.47%),12.61 - 13.7,-,-496.00 (35733.65-35237.65),-620.25 (82.7-107.51 = 24.81) 35700PE 11:45:00,3268.75 (131.8-1.05 = -130.75) 35700CE,3268.75 (131.8-1.05 = -130.75) 35700CE,-1250.00 (82.7-132.7 = 50.00) 35700PE 12:00:00,
,,,,,,,,,,,,,
Date,Profit,Exit Time,Max Profit/Loss,MTM Exit Type,BN Gap Up/Down,India VIX,BN Prev Day H/L,Spot Change,(1) BN Sell 1 Lot ATM PE,(2) BN Sell 1 Lot ATM CE,(3) BN Sell 1 Lot ATM CE,(4) BN Sell 1 Lot ATM PE,
9 Jul 2021 (Fri),2645,14:55,3988/-2146,-,-110.35 (-0.31%),13.47 - 12.96,-,126.45 (34973.00-35099.45),3205.00 (334-205.8 = -128.20) 35000PE,-2514.75 (335.3-435.89 = 100.59) 35000CE 10:35:00,-1250.00 (335.3-385.3 = 50.00) 35000CE 10:19:00,3205.00 (334-205.8 = -128.20) 35000PE,
12 Jul 2021 (Mon),3408,14:55,4548/0,-,213.1 (0.61%),12.8 - 13.13,Day Open > PDH,-195.60 (35326.40-35130.80),-1554.50 (207.25-269.43 = 62.18) 35300PE 13:13:00,3106.25 (289-164.75 = -124.25) 35300CE,3106.25 (289-164.75 = -124.25) 35300CE,-1250.00 (207.25-257.25 = 50.00) 35300PE 13:13:00,
13 Jul 2021 (Tue),1672,14:55,2000/-1252,-,281.15 (0.8%),12.61 - 12.68,Day Open > PDH,278.25 (35410.80-35689.05),2226.25 (181.9-92.85 = -89.05) 35400PE,-1530.50 (204.05-265.27 = 61.22) 35400CE 11:44:00,-1250.00 (204.05-254.05 = 50.00) 35400CE 11:44:00,2226.25 (181.9-92.85 = -89.05) 35400PE,
14 Jul 2021 (Wed),2455,14:55,3007/-645,-,-87.55 (-0.25%),12.89 - 12.67,-,234.35 (35468.85-35703.20),2442.50 (171.15-73.45 = -97.70) 35500PE,-1179.75 (157.3-204.49 = 47.19) 35500CE 10:39:00,-1250.00 (157.3-207.3 = 50.00) 35500CE 10:39:00,2442.50 (171.15-73.45 = -97.70) 35500PE,
